Workbook
Name range1: '(참고) ETRI 12대 전략기술 및 42개 세부기술'!$E$3:$E$11
Name range10: '(참고) ETRI 12대 전략기술 및 42개 세부기술'!$E$46:$E$48
Name range11: '(참고) ETRI 12대 전략기술 및 42개 세부기술'!$E$49:$E$51
Name range12: '(참고) ETRI 12대 전략기술 및 42개 세부기술'!$E$52:$E$56
Name range2: '(참고) ETRI 12대 전략기술 및 42개 세부기술'!$E$12:$E$14
Name range3: '(참고) ETRI 12대 전략기술 및 42개 세부기술'!$E$15:$E$17
Name range4: '(참고) ETRI 12대 전략기술 및 42개 세부기술'!$E$18:$E$19
Name range5: '(참고) ETRI 12대 전략기술 및 42개 세부기술'!$E$20:$E$24
Name range6: '(참고) ETRI 12대 전략기술 및 42개 세부기술'!$E$25:$E$30
Name range7: '(참고) ETRI 12대 전략기술 및 42개 세부기술'!$E$31:$E$36
Name range8: '(참고) ETRI 12대 전략기술 및 42개 세부기술'!$E$37:$E$41
Name range9: '(참고) ETRI 12대 전략기술 및 42개 세부기술'!$E$42:$E$45

Sheet 취합
A1: 소 | B1: 본부(단) | C1: 순번 | D1: 표준 제목 (예정) | E1: 표준번호 | F1: 표준기구 | G1: 위원회, 작업반 등 | H1: 표준화 상태 | I1: 표준 주요 내용 | J1: (예정) 시작년도 | K1: (예정) 완료연도 | L1: ETRI 기고자 | M1: ETRI 에디터(예정포함) | N1: ETRI 의장단 | O1: 사업분류 | P1: 출연처 | Q1: 전략기술 분야 | R1: 세부중점기술 분야 | S1: 표준특허 유무 | T1: 표준특허 개수 | U1: 특허상태(출원/등록) | V1: ETRI 관리번호 | W1: 표준특허명 | X1: 출원국가 | Y1: 1발명자 | AA1: 변경여부
A2: ICT전략연구소 | B2: 표준연구본부 | C2: 1 | D2: Framework for multicast-based IPTV content delivery | E2: ITU-T Y.1902 | F2: ITU-T | G2: SG13 Q3 | H2: 제정완료 | I2: 멀티캐스트 기반 IPTV 컨텐츠 전달을 위한 프레임웍 | J2: 2008 | K2: 2011 | L2: 강신각, 이승익 | O2: 표준개발과제(과기부 정보통신방송표준개발지원사업) | P2: 과기부 | Q2: 7) 차세대통신 | R2: 기타 | S2: 무 | T2: 0
A3: ICT전략연구소 | B3: 표준연구본부 | C3: 2 | D3: Guidelines on deployment of IP multicast for IPTV content delivery | E3: ITU-T Y Sup.16 | F3: ITU-T | G3: SG13 Q3 | H3: 제정완료 | I3: 멀티캐스트 기반 IPTV 컨텐츠 전달을 위한 설치 가이드라인 | J3: 2009 | K3: 2012 | L3: 강신각, 이승익 | O3: 표준개발과제(과기부 정보통신방송표준개발지원사업) | P3: 과기부 | Q3: 10) 메타버스 | R3: 기타 | S3: 무 | T3: 0
A4: ICT전략연구소 | B4: 표준연구본부 | C4: 3 | D4: Functional requirements of Mobile IPTV | E4: ITU-T Y.1903 | F4: ITU-T | G4: SG13 Q3 | H4: 제정완료 | I4: 모바일 IPTV 기능 요구사항 | J4: 2010 | K4: 2014 | L4: 강신각, 이승익 | O4: 표준개발과제(과기부 정보통신방송표준개발지원사업) | P4: 과기부 | Q4: 10) 메타버스 | R4: 기타 | S4: 무 | T4: 0
A5: ICT전략연구소 | B5: 표준연구본부 | C5: 4 | D5: Smart Ubiquitous Networks - Functional architecture of content delivery | E5: ITU-T Y.3045 | F5: ITU-T | G5: SG13 Q3 | H5: 제정완료 | I5: 스마트 유비쿼터스 네트워크 (SUN) 를 위한 컨텐츠 전달 기능 구조 | J5: 2012 | K5: 2014 | L5: 강신각, 이승익 | O5: 표준개발과제(과기부 정보통신방송표준개발지원사업) | P5: 과기부 | Q5: 12) ICT융합 | R5: 기타 | S5: 무 | T5: 0
A6: ICT전략연구소 | B6: 표준연구본부 | C6: 5 | D6: Web-based terminal middleware for IPTV services | E6: ITU-T H.730 | F6: ITU-T | G6: SG16 Q13 | H6: 제정완료 | I6: 본 표준은 IPTV 서비스에 필요한 웹 기반 단말 미들웨어, 일반 아키텍처 및 인터페이스를 정의 | J6: 2009 | K6: 2012 | L6: 김성한 | O6: 표준개발과제(과기부 정보통신방송표준개발지원사업) | P6: 과기부 | Q6: 10) 메타버스 | R6: 초실감 입체 미디어 기술 | S6: 무 | T6: 0
A7: ICT전략연구소 | B7: 표준연구본부 | C7: 6 | D7: Enhanced user interface framework for IPTV terminal devices | E7: ITU-T H.703 | F7: ITU-T | G7: SG16 Q13 | H7: 제정완료 | I7: 본 표준은 IPTV 단말 장치의 향상된 사용자 인터페이스를 지원하기 위한 프레임워크의 이벤트 특징, 일반 요구 사항 및 기능에 대해 설명 | J7: 2013 | K7: 2016 | L7: 김성한 | O7: 표준개발과제(과기부 정보통신방송표준개발지원사업) | P7: 과기부 | Q7: 10) 메타버스 | R7: 초실감 입체 미디어 기술 | S7: 무 | T7: 0
A8: ICT전략연구소 | B8: 표준연구본부 | C8: 7 | D8: Scene-based metadata for IPTV services | E8: ITU-T H.753 | F8: ITU-T | G8: SG16 Q13 | H8: 제정완료 | I8: 본 표준은 인터넷 프로토콜 텔레비전(IPTV) 서비스를 위한 장면 기반 메타데이터 제안. 콘텐츠 배포를 위한 장면 기반 메타데이터 설명, 메타데이터 요소 및 형식을 정의 | J8: 2016 | K8: 2019 | L8: 김성한 | O8: 표준개발과제(과기부 정보통신방송표준개발지원사업) | P8: 과기부 | Q8: 10) 메타버스 | R8: 초실감 입체 미디어 기술 | S8: 무 | T8: 0
A9: ICT전략연구소 | B9: 표준연구본부 | C9: 8 | D9: Gesture Interface Markup Language | E9: ISO/IEC 30113-5 | F9: ISO/IEC JTC1 | G9: SC35 | H9: 제정완료 | I9: 본 표준은 제스쳐 인터페이스를 위한 손 동작 모양의 인식을 위한 제스쳐 메타데이터 정의 | J9: 2016 | K9: 2019 | L9: 김성한 | O9: 표준개발과제(과기부 정보통신방송표준개발지원사업) | P9: 과기부 | Q9: 10) 메타버스 | R9: 초실감 상호작용 기술 | S9: 무 | T9: 0
A10: ICT전략연구소 | B10: 표준연구본부 | C10: 9 | D10: Enhanced user interface framework for IPTV terminal device - Gesture control interface | E10: ITU-T H.704 | F10: ITU-T | G10: SG16 Q13 | H10: 제정완료 | I10: 본 표준안은 권고안 ITU-T H.703에 정의된 향상된 사용자 인터페이스(UI) 프레임워크를 기반으로 제스처 인식 및 인터넷 프로토콜 TV(IPTV) 단말 장치 제어를 통한 사용자 상호작용의 향상된 기능을 지원하는 일반 요구사항, 기능 요소 및 인터페이스 정의 | J10: 2017 | K10: 2020 | L10: 김성한 | M10: 에디터(김성한) | O10: 표준개발과제(과기부 정보통신방송표준개발지원사업) | P10: 과기부 | Q10: 10) 메타버스 | R10: 초실감 입체 미디어 기술 | S10: 무 | T10: 0 | AA10: R
A11: ICT전략연구소 | B11: 표준연구본부 | C11: 10 | D11: Emotion enabled multimodal user interface based on artificial neural networks | E11: ITU-T H.862.5 | F11: ITU-T | G11: SG16 Q24 | H11: 제정완료 | I11: 본 표준은 인공 신경망에 기반한 감정 지원 멀티모달 사용자 인터페이스를 위한 기능 엔티티와 아키텍처 제공 | J11: 2019 | K11: 2021 | L11: 김성한 | M11: 에디터(김성한) | O11: 표준개발과제(과기부 정보통신방송표준개발지원사업) | P11: 과기부 | Q11: 10) 메타버스 | R11: 초실감 입체 미디어 기술 | S11: 무 | T11: 0
A12: ICT전략연구소 | B12: 표준연구본부 | C12: 11 | D12: Lightweight intelligent software framework for Internet of things devices | E12: ITU-T Y.4475 | F12: ITU-T | G12: SG20 Q4 | H12: 제정완료 | I12: 본 표준은 지능형 처리가 필요한 사물 인터넷(IoT) 애플리케이션을 지원하고 리소스가 제한된 IoT 장치에서 이러한 처리가 작동할 수 있도록 하는 경량 지능형 소프트웨어 프레임워크(LISF) 정의 | J12: 2019 | K12: 2021 | L12: 김성한 | M12: 에디터(김성한) | N12: SG20 의장(김형준) | O12: ETRI 출연금사업 | P12: 과기부 | Q12: 7) 차세대통신 | R12: 5G 고도화 | S12: 무 | T12: 0 | AA12: R
A13: ICT전략연구소 | B13: 표준연구본부 | C13: 12 | D13: Trusted contribution evaluation framework on federated machine learning services | E13: ITU-T F.748.24 | F13: ITU-T | G13: SG16 Q5 | H13: 제정완료 | I13: 본 표준은 연합 머신러닝 서비스에 대한 기여도 평가 서비스를 소개하고 개념, 특성, 요구 사항, 사용 사례를 제공하며 참조 프레임워크와 공통 기능을 명시 | J13: 2021 | K13: 2023 | L13: 김성한 | M13: 에디터(김성한) | N13: SG16 부의장(강신각) | O13: 일반 PBS 과제 | P13: 국방부 | Q13: 7) 차세대통신 | R13: 5G 고도화 | S13: 무 | T13: 0 | AA13: R
A14: ICT전략연구소 | B14: 표준연구본부 | C14: 13 | D14: Metadata for camera sensing information of autonomous mobile IoT devices | E14: ITU-T Y.4604 | F14: ITU-T | G14: SG20 Q4 | H14: 제정완료 | I14: 본 표준은 카메라 감지 정보(MCSI)에 대한 메타데이터를 정의하고 자율 모바일 IoT 디바이스(AMID)에서 작동하는 개별 MCSI의 특성과 기능을 정의 | J14: 2021 | K14: 2023 | L14: 김성한 | M14: 에디터(김성한) | N14: SG20 의장(김형준) | O14: 일반 PBS 과제 | P14: 과기부 | Q14: 3) 첨단모빌리티 | R14: 도심항공교통(UAM) | S14: 무 | T14: 0
A15: ICT전략연구소 | B15: 표준연구본부 | C15: 14 | D15: Information technology - Relayed multicast protocol: Specification for N-plex group applications | E15: ITU-T X.603.2 | F15: ITU-T | G15: SG11 Q15 | H15: 제정완료 | I15: IP 멀티캐스트가 지원하지 않는 인터넷에서 여러 발신자에서 여러 수신자로 데이터를 전달하는 N-plex 데이터 중계를 위한 기능 요구사항과 응용 계층 전달 프로토콜 정의 | J15: 2009 | K15: 2010 | L15: 김성혜 | M15: 에디터(김성혜) | N15: SG11 Q8 라포처(이창규), SG11 WP2 의장(강신각) | O15: 표준개발과제(과기부 정보통신방송표준개발지원사업) | P15: 과기부 | Q15: 7) 차세대통신 | R15: 기타 | S15: 무 | T15: 0
A16: ICT전략연구소 | B16: 표준연구본부 | C16: 15 | D16: Information technology - Mobile multicast communications: Protocol over overlay multicast networks | E16: ITU-T X.604.2 | F16: ITU-T | G16: SG11 Q15 | H16: 제정완료 | I16: IP 멀티캐스트가 지원하지 않는 인터넷에서 유무선 통합 네트워크 환경에서 일대다 데이터 중계를 위한 기능 요구사항 및 응용 계층 전달 프로토콜 정의 | J16: 2009 | K16: 2010 | L16: 김성혜 | M16: 에디터(김성혜) | N16: SG11 Q8 라포처(이창규), SG11 WP2 의장(강신각) | O16: 표준개발과제(과기부 정보통신방송표준개발지원사업) | P16: 과기부 | Q16: 7) 차세대통신 | R16: 기타 | S16: 무 | T16: 0
A17: ICT전략연구소 | B17: 표준연구본부 | C17: 16 | D17: Information technology — Telecommunications and information exchange between systems — Managed P2P: Framework | E17: ISO/IEC TR 20002 | F17: ISO/IEC JTC1 | G17: SC6 | H17: 제정완료 | I17: 일반 P2P 네트워킹의 문제점 정의, 관리형 P2P의 분류 및 개념을 정의, 관리형 P2P를 지원하기 위한 요구 사항 정의, 관리형 P2P 프레임워크 정의, 관리형 P2P 지원하기 위한 정보 흐름 정의 | J17: 2011 | K17: 2012 | L17: 김성혜 | M17: 에디터(김성혜) | O17: 표준개발과제(과기부 정보통신방송표준개발지원사업) | P17: 과기부 | Q17: 7) 차세대통신 | R17: 기타 | S17: 무 | T17: 0
A18: ICT전략연구소 | B18: 표준연구본부 | C18: 17 | D18: Information technology - Relayed multicast protocol: Specification for simplex group applications | E18: ITU-T X.603.1 | F18: ITU-T | G18: SG11 Q15 | H18: 제정완료 | I18: IP 멀티캐스트가 지원하지 않는 인터넷에서 일대다 데이터 중계를 위한 기능 요구사항과 응용 계층 전달 프로토콜 정의 | J18: 2011 | K18: 2012 | L18: 김성혜 | M18: 에디터(김성혜) | N18: SG11 Q8 라포처(이창규), SG11 WP2 의장(강신각) | O18: 표준개발과제(과기부 정보통신방송표준개발지원사업) | P18: 과기부 | Q18: 7) 차세대통신 | R18: 기타 | S18: 유 | T18: 3 | U18: 1.출원 2.등록 3.등록 | V18: 1.PR20090647 2.PR20100770 3.PR20120200 | W18: 1. 중계전송 오버레이 멀티캐스트 기능에서 안정된 멀티캐스트 트리 구성을 위한 세션 관리 방법 2. 오버레이 멀티캐스트 네트워크 기반 오버레이 멀티캐스트 서비스 제공 방법 및 그 장치 3. 중계전송 멀티캐스트 네트워크에서 멀티캐스트 에이전트에게 매개변수를 전송하는 방법 및 장치 | X18: 1. 한국 2. 미국 3. 미국 | Y18: 1. 김성혜 2. 김성혜 3. 김성혜
A19: ICT전략연구소 | B19: 표준연구본부 | C19: 18 | D19: Future Network: Problem Statement and Requirements – Part 6: Media Distribution | E19: ISO/IEC TR 29181-6 | F19: ISO/IEC JTC1 | G19: SC6 | H19: 제정완료 | I19: 현재 IP 기반 네트워크의 미디어 전송 문제를 식별하고 미래 네트워크를 통한 미디어 데이터 전송에 대한 요구 사항 정의 | J19: 2012 | K19: 2013 | L19: 김성혜 | M19: 에디터(김성혜) | N19: SC6 컨비너(강신각) | O19: 표준개발과제(과기부 정보통신방송표준개발지원사업) | P19: 과기부 | Q19: 7) 차세대통신 | R19: 기타 | S19: 무 | T19: 0
A20: ICT전략연구소 | B20: 표준연구본부 | C20: 19 | D20: W3C TV Control API Specification | F20: W3C | G20: TVControlAPI | H20: 제정완료 | I20: Smart TV, IPTV 등 인터넷에서 채널 및 프로그램 메타데이터를 사용하여 방송, IPTV 또는 기타 소스의 TV 및 라디오와 같은 오디오 및 비디오 미디어를 소싱하기 위한 API를 정의 | J20: 2014 | K20: 2016 | L20: 김성혜 | M20: 에디터(김성혜) | O20: 표준개발과제(과기부 정보통신방송표준개발지원사업) | P20: 과기부 | Q20: 12) ICT융합 | R20: 기타 | S20: 무 | T20: 0
A21: ICT전략연구소 | B21: 표준연구본부 | C21: 20 | D21: APT REPORT ON “SERVICES AND APPLICATIONS OF WIRELESS POWER TRANSMISSION TECHNOLOGY” | E21: APT/AWG/REP-71 | F21: APT | G21: AWG | H21: 제정완료 | I21: 무선 전력 전송(WPT) 기술을 적용한 장치 및 서비스 분석, 예상 인프라 분석 및 연구 항목 및 WPT 서비스 배포 시나리오 정의. | J21: 2016 | K21: 2017 | L21: 김성혜 | M21: 에디터(김성혜) | O21: 표준개발과제(과기부 정보통신방송표준개발지원사업) | P21: 과기부 | Q21: 12) ICT융합 | R21: 기타 | S21: 무 | T21: 0 | AA21: R
A22: ICT전략연구소 | B22: 표준연구본부 | C22: 21 | D22: Framework of wireless power transmission application service | E22: ITU-T Y.4202 | F22: ITU-T | G22: SG20 Q4 | H22: 제정완료 | I22: 무선 전력 전송(WPT)기반의 응용 서비스 개념, 기능 모델, 요구사항, 기본 서비스 흐름 및 서비스 유스케이스 정의 | J22: 2018 | K22: 2019 | L22: 김성혜, 박주영 | M22: 에디터(김성혜) | N22: SG20 의장(김형준) | O22: 표준개발과제(과기부 정보통신방송표준개발지원사업) | P22: 과기부 | Q22: 12) ICT융합 | R22: 기타 | S22: 유 | T22: 1 | U22: 1.출원 | V22: 1.PR20160134 | W22: 1. 무선 충전 장치, 무선 충전 단말 및 무선 충전 서비스 제공 방법 | X22: 1. 한국 | Y22: 1. 김성혜 | AA22: R
A23: ICT전략연구소 | B23: 표준연구본부 | C23: 22 | D23: Framework for access permission of Person-Generated Health Records in digital health | E23: ITU-T F.HR-AP | F23: ITU-T | G23: SG21 Q2 | H23: 개발중 | I23: 의료 기관 외부에서 수집된 PGHR을 보유하는 디지털 건강 플랫폼 내에서 개인 생성 건강 기록(PGHR)에 대한 액세스 권한을 부여하기 위한 지침과 프레임워크을 정의함표준에서는 PGHR 접근 권한과 관련하여 다양한 문제를 식별하고 안전하게 개인 건강 정보를 공유하는 프레임워크를 정의하고, 개인 건강 정보를 사용에 대한 가이드라인을 제시함 | J23: 2023 | K23: 2025 | L23: 김성혜, 선경재 | M23: 에디터(김성혜) | N23: SG21 부의장(강신각) | O23: 표준개발과제(과기부 정보통신방송표준개발지원사업) | P23: 과기부 | Q23: 4) 첨단바이오 | R23: 디지털헬스 데이터 분석·활용 | S23: 무 | T23: 0
A24: ICT전략연구소 | B24: 표준연구본부 | C24: 23 | D24: Dgital twin framework for manufacturing - Part 5: Digital thread for digital twin | E24: ISO/CD 23247-5 | F24: ISO | G24: TC184 SC4 WG15 | H24: 개발중 | I24: 디지털 트윈에서 디지털 스레드를 이용하기 위한 개념 및 방법론을 정의하고, 디지털 스레드를 사용 사례 예시를 제공함으로써 디지털 스레드가 제품 수명 주기 전반에 걸쳐 제조 디지털 트윈의 생성, 연결, 관리 및 유지 관리를 가능하게 하는 방법 정의함 | J24: 2023 | K24: 2026 | L24: 김성혜, 선경재, 유상근, 김용운, 손지연, 이학진 | M24: 프로젝트 리더(김성혜) | O24: 일반 PBS 과제 | P24: 과기부 | Q24: 8) 첨단로봇제조 | R24: 가상제조 | S24: 무 | T24: 0 | AA24: R
A25: ICT전략연구소 | B25: 표준연구본부 | C25: 24 | D25: Health informatics — Guideline for self-assessment questionnaire systems | E25: ISO/TS 9166 | F25: ISO | G25: TC 215 WG2 | H25: 제정완료 | I25: 자가진단 문진 시스템 개발을 위한 가이드라인으로 문진시스템 게발 요구사항, 문진을 위한 데이터 엘리먼트 등 정의 | J25: 2025 | K25: 2025 | L25: 김성혜, 유상근, 김용운, 이창규 | M25: 프로젝트 리더(김성혜) | O25: 표준개발과제(국표원 표준기술력향상사업) | P25: 산업부 | Q25: 12) ICT융합 | R25: 기타 | S25: 무 | T25: 0 | AA25: R
A26: ICT전략연구소 | B26: 표준연구본부 | C26: 25 | D26: Automation systems and integration — Digital twin framework for manufacturing — Part 4: Information exchange | E26: ISO 23247-4 | F26: ISO | G26: TC184 SC4 WG15 | H26: 제정완료 | I26: 제조 분야에 적용하기 위한 디지털 트윈 프레임워크 중 정보교환 요구사항, 절차 등을 정의 | J26: 2018 | K26: 2021 | L26: 김성혜, 유상근, 이현정, 이진영 | M26: 프로젝트 리더(김성혜) | O26: 표준개발과제(국표원 표준기술력향상사업) | P26: 산업부 | Q26: 8) 첨단로봇제조 | R26: 가상제조 | S26: 무 | T26: 0
A27: ICT전략연구소 | B27: 표준연구본부 | C27: 26 | D27: Digital signage: Metadata | E27: ITU-T H.782 | F27: ITU-T | G27: SG16 Q14 | H27: 제정완료 | I27: 디지털 사이니지 서비스에서 사용되는 메타데이터 요구사항과 메타데이터 구조를 정의함 | J27: 2016 | K27: 2017 | L27: 김성혜, 허미영 | M27: 에디터(김성혜) | O27: 표준개발과제(과기부 정보통신방송표준개발지원사업) | P27: 과기부 | Q27: 12) ICT융합 | R27: 기타 | S27: 무 | T27: 0
A28: ICT전략연구소 | B28: 표준연구본부 | C28: 27 | D28: Managed P2P communications: Overlay Resource Control Protocol (ORCP) | E28: ITU-T X.609.2 | F28: ITU-T | G28: SG11 Q9 | H28: 제정완료 | I28: ORCP(Overlay Resource Control Protocol)을 정의하며, 이는 캐시 서버(CS)/릴레이 서버(RS)와 오버레이 관리 서버(OMS) 사이의 인터페이스와 OMS와 피어 사이의 인터페이스에서 실행되는 오버레이 리소스 제어 프로토콜 정의 | J28: 2015 | K28: 2016 | L28: 김성혜, 현욱 | M28: 에디터(김성혜) | O28: 표준개발과제(과기부 정보통신방송표준개발지원사업) | P28: 과기부 | Q28: 7) 차세대통신 | R28: 기타 | S28: 유 | T28: 3 | U28: 1.등록 2.등록 3.등록 | V28: 1.PR20120779 2.PR20151075 3.PR20160222 | W28: 1. 피투피 네트워크에서 피어의 상태 정보를 관리하거나 공유하는 방법 및 장치 2. 네트워크 관리 서버의 자원 관리 방법 및 네트워크 관리 서버를 포함하는 피투피 시스템 3. 오버레이 관리 서버 및 이의 자원 할당 방법 | X28: 1. 한국 2. 미국 3. 미국 | Y28: 1. 김성혜 2. 김성혜 3. 김성혜
A29: ICT전략연구소 | B29: 표준연구본부 | C29: 28 | D29: Framework of delegation service for Internet of things devices | E29: Y.4463-rev | F29: ITU-T | G29: SG20 Q4 | H29: 제정완료 | I29: 물리/가상공간 간 센싱 데이터의 소유권 관리 모델표준 및 센싱데이터 저장 및 공유 기법 제시 | J29: 2023 | K29: 2024 | L29: 김영호, 박정수, 이윤경 | M29: 에디터(김영호) | N29: SG20 의장(김형준) | O29: 표준개발과제(과기부 정보통신방송표준개발지원사업) | P29: 과기부 | Q29: 5) 사이버보안 | R29: 네트워크 클라우드 보안 | S29: 유 | T29: 1 | Z29: 타부서실적
A30: ICT전략연구소 | B30: 표준연구본부 | C30: 29 | D30: NGN service requirements and capabilities for network aspects of applications and services using tag-based identification | E30: ITU-T Y.2213 | F30: ITU-T | G30: SG13 Q2 | H30: 제정완료 | I30: 바코드, RFID 등 식별용 태그를 활용하여 정보 서비스를 제공하는 네트워크, 응용, 및 서비스를 위한 요구사항 정의 | J30: 2004 | K30: 2008 | L30: 김용운 | M30: 에디터(김용운) | O30: 표준개발과제(과기부 정보통신방송표준개발지원사업) | P30: 과기부 | Q30: 12) ICT융합 | R30: 산업ICT융합 | S30: 무 | T30: 0 | AA30: R
A31: ICT전략연구소 | B31: 표준연구본부 | C31: 30 | D31: Testing and model network architecture for tag-based identification systems and functions | E31: ITU-T Q.3950 | F31: ITU-T | G31: SG11 Q12 | H31: 제정완료 | I31: 바코드, RFID 등 식별용 태그를 활용하여 정보 서비스를 제공하는 네트워크, 응용, 및 서비스 대상 적합성과 상호운용성 시험을 지원하는 기능 구조를 정의 | J31: 2008 | K31: 2011 | L31: 김용운 | M31: 에디터(김용운) | N31: SG11 Q12 라포처(김용운) | O31: 표준개발과제(과기부 정보통신방송표준개발지원사업) | P31: 과기부 | Q31: 12) ICT융합 | R31: 산업ICT융합 | S31: 무 | T31: 0
A32: ICT전략연구소 | B32: 표준연구본부 | C32: 31 | D32: Methodology for assessment of the environmental impact of information and communication technology greenhouse gas and energy projects | E32: ITU-T L.1430 | F32: ITU-T | G32: SG5 Q18 | H32: 제정완료 | I32: ICT 분야에서 온실가스 감축 또는 에너지 소비 절감 프로젝트를 진행할 때 감축 및 절감 계량화를 산정함으로써 환경 영향을 평가하는 방법을 설명 | J32: 2010 | K32: 2013 | L32: 김용운 | M32: 에디터(김용운) | N32: SG5 WP3 부의장(김용운) | O32: 표준개발과제(과기부 정보통신방송표준개발지원사업) | P32: 과기부 | Q32: 12) ICT융합 | R32: 에너지ICT융합 | S32: 무 | T32: 0
A33: ICT전략연구소 | B33: 표준연구본부 | C33: 32 | D33: Interface model and its requirements of integrating virtual and physical worlds through digital twins for the metaverse | E33: ITU-T Y.dtmv-if | F33: ITU-T | G33: SG20 Q1 | H33: 개발중 | I33: 디지털 트윈 기반의 현실 가상 통합을 통해 메타버스 서비스로서 제공할 때 기능 구성요소들과 외부 정보시스템 간의 데이터 인터페이스에 대한 모델과 관련 요구사항 정의 | J33: 2024 | K33: 2025 | L33: 김용운 | M33: 에디터(김용운) | N33: SG20 Q1 라포처(이준섭) SG20 의장(김형준) | O33: 표준개발과제(과기부 정보통신방송표준개발지원사업) | P33: 과기부 | Q33: 10) 메타버스 | R33: 초실감 상호작용 기술 | S33: 유 | T33: 1 | U33: 1.출원 | V33: PR20240352US | W33: 현실세계와 가상세계 간 연동을 위한 디지털 트윈 | X33: 1.한국 | Y33: 김용운
A34: ICT전략연구소 | B34: 표준연구본부 | C34: 33 | D34: Internet of Things (IoT) - Functional requirements to determine the status of squarantine through Internet of Things data interfaces | E34: ISO/IEC DTS 30180 | F34: ISO/IEC JTC1 | G34: SC41 WG5 | H34: 개발중 | I34: 감염병 발생에 따른 긴급 보건위기 상황에서 격리자를 대상으로 격리 상태에 대한 원격 모니터링과 이상 상태 탐지를 위한 기능 구조와 요구사항을 정의 | J34: 2022 | K34: 2025 | L34: 김용운, 유상근, 김성혜, 이창규 | M34: 에디터(김용운) | O34: 표준개발과제(국표원 표준기술력향상사업) | P34: 산업부 | Q34: 12) ICT융합 | R34: 안전ICT융합 | S34: 무 | T34: 0
A35: ICT전략연구소 | B35: 표준연구본부 | C35: 34 | D35: Reference model of integrating virtual and physical worlds through digital twins for the metaverse | E35: ITU-T Y.dtmv-ref | F35: ITU-T | G35: SG20 Q1 | H35: 개발중 | I35: 디지털 트윈 기반의 현실 가상 통합을 통해 메타버스 서비스로서 제공할 때 기능 참조구조 및 기능 구성요소를 정의 | J35: 2024 | K35: 2025 | L35: 김학서 | M35: 에디터(김학서) | N35: SG20 Q1 라포처(이준섭) SG20 의장(김형준) | O35: 표준개발과제(과기부 정보통신방송표준개발지원사업) | P35: 과기부 | Q35: 10) 메타버스 | R35: 초실감 상호작용 기술 | S35: 유 | T35: 1 | U35: 1.출원 | V35: PR20230929US | W35: 현실세계와 가상세계 간 연동을 위한 디지털 트윈 | X35: 1.한국 | Y35: 김학서
A36: ICT전략연구소 | B36: 표준연구본부 | C36: 35 | D36: General overview of IPv6-based NGN | E36: ITU-T Y.2051 | F36: ITU-T | G36: SG13 Q9 | H36: 제정완료 | I36: NGN 환경에서의 IPv6 적용모델 제시 | J36: 2006 | K36: 2008 | L36: 박정수 | O36: 표준개발과제(과기부 정보통신방송표준개발지원사업) | P36: 과기부 | Q36: 12) ICT융합 | R36: 기타 | S36: 무 | T36: 0
A37: ICT전략연구소 | B37: 표준연구본부 | C37: 36 | D37: Requirements of water quality assessment services in ubiquitous sensor network (USN) | E37: ITU-T F.747.6 | F37: ITU-T | G37: SG16 Q25 | H37: 제정완료 | I37: 국내 하천을 기반으로 원격 수질관리 모델을 제시 (ETRI 기술개발 과제와의 연계표준) | J37: 2012 | K37: 2016 | L37: 박정수 | O37: 표준개발과제(과기부 정보통신방송표준개발지원사업) | P37: 과기부 | Q37: 12) ICT융합 | R37: 산업ICT융합 | S37: 무 | T37: 0
A38: ICT전략연구소 | B38: 표준연구본부 | C38: 37 | D38: Security services using software-defined networking | E38: ITU-T X.1042 | F38: ITU-T | G38: SG17 Q6 | H38: 제정완료 | I38: 소프트웨어 정의 네트워킹(SDN) 환경에서의 보안 요구사항 제시 (IETF I2NSFWG 문제정의 RFC와의 연계 표준) | J38: 2014 | K38: 2019 | L38: 박정수 | O38: 표준개발과제(과기부 정보통신방송표준개발지원사업) | P38: 과기부 | Q38: 5) 사이버보안 | R38: 네트워크 클라우드 보안 | S38: 무 | T38: 0
A39: ICT전략연구소 | B39: 표준연구본부 | C39: 38 | D39: Security framework and requirements for service function chaining based on software-defined networking | E39: ITU-T X.1043 | F39: ITU-T | G39: SG17 Q2 | H39: 제정완료 | I39: 소프트웨어 정의 네트워킹(SDN) 환경에서의 서비스 함수 체이닝(SFC) 보안 프레임워크 제시 | J39: 2017 | K39: 2019 | L39: 박정수 | O39: 표준개발과제(과기부 정보통신방송표준개발지원사업) | P39: 과기부 | Q39: 5) 사이버보안 | R39: 네트워크 클라우드 보안 | S39: 무 | T39: 0
A40: ICT전략연구소 | B40: 표준연구본부 | C40: 39 | D40: Blockchain-based data exchange and sharing for supporting Internet of things and smart cities and communities | E40: ITU-T Y.4560 | F40: ITU-T | G40: SG20 Q4 | H40: 제정완료 | I40: 디지털 자산의 공유 및 교환 요구사항 및 유즈케이스 제시 | J40: 2019 | K40: 2020 | L40: 박정수 | M40: 에디터(박정수) | N40: SG20 의장(김형준) | O40: 표준개발과제(과기부 정보통신방송표준개발지원사업) | P40: 과기부 | Q40: 5) 사이버보안 | R40: 데이터 및 AI보안 | S40: 무 | T40: 0 | AA40: R
A41: ICT전략연구소 | B41: 표준연구본부 | C41: 40 | D41: Blockchain-based data exchange and sharing for supporting Internet of things and smart cities and communities | E41: ITU-T Y.4560 | F41: ITU-T | G41: SG20 Q4 | H41: 제정완료 | I41: 디지털 자산의 공유 및 교환 요구사항 및 유즈케이스 제시 | J41: 2019 | K41: 2020 | L41: 박정수 | M41: 에디터(박정수) | N41: SG20 의장(김형준) | O41: 표준개발과제(과기부 정보통신방송표준개발지원사업) | P41: 과기부 | Q41: 5) 사이버보안 | R41: 데이터 및 AI보안 | S41: 무
A42: ICT전략연구소 | B42: 표준연구본부 | C42: 41 | D42: Overview of blockchain for supporting Internet of things and smart cities and communities in data processing and management aspects | E42: ITU-T Y.Suppl.62 | F42: ITU-T | G42: SG20 Q4 | H42: 제정완료 | I42: 스마트 시티와 사물인터넷 환경에서 블록체인을 적용하기 위한 기술 소개 | J42: 2019 | K42: 2020 | L42: 박정수 | M42: 에디터(박정수) | N42: SG20 의장(김형준) | O42: 표준개발과제(과기부 정보통신방송표준개발지원사업) | P42: 과기부 | Q42: 5) 사이버보안 | R42: 데이터 및 AI보안 | S42: 무
A43: ICT전략연구소 | B43: 표준연구본부 | C43: 42 | D43: Security Management Automation of Cloud-Based Security Services in I2NSF Framework | E43: draft-jeong-i2nsf-security-management-automation | F43: IETF | G43: ISE (Independent Submission Editor) stream | H43: 개발중 | I43: SDN/NFV 환경 하에서 클라우드 기반 보안 서비스를 제공하기 위해, 보안 관리 자동화 구조를 제시 | J43: 2020 | K43: 2025 | L43: 박정수 | M43: 에디터(박정수) | O43: 표준개발과제(과기부 정보통신방송표준개발지원사업) | P43: 과기부 | Q43: 5) 사이버보안 | R43: 네트워크 클라우드 보안 | S43: 무 | T43: 0
A44: ICT전략연구소 | B44: 표준연구본부 | C44: 43 | D44: Framework and requirements of electricity data sharing system | E44: Y.EDSS | F44: ITU-T | G44: SG20 Q4 | H44: 개발중 | I44: 전기 데이터 공유 시스템 프레임워크 및 요구사항 제시 | J44: 2024 | K44: 2026 | L44: 박정수 | M44: 에디터(박정수) | N44: SG20 의장(김형준) | O44: 표준개발과제(과기부 정보통신방송표준개발지원사업) | P44: 과기부 | Q44: 12) ICT융합 | R44: 에너지ICT융합 | S44: 무 | T44: 0
A45: ICT전략연구소 | B45: 표준연구본부 | C45: 44 | D45: I2NSF Registration Interface YANG Data Model for NSF Capability Registration | E45: draft-ietf-i2nsf-registration-interface-dm | F45: IETF | G45: I2NSF | H45: 개발중 | I45: SDN/NFV 기반 I2NSF 구조에서 NSF 기능 등록 인터페이스를 위한 데이터모델 제시 | J45: 2018 | K45: 2024 | L45: 박정수 | M45: 에디터(박정수) | O45: 표준개발과제(과기부 정보통신방송표준개발지원사업) | P45: 과기부 | Q45: 5) 사이버보안 | R45: 네트워크 클라우드 보안 | S45: 무 | T45: 0
A46: ICT전략연구소 | B46: 표준연구본부 | C46: 45 | D46: I2NSF Network Security Function-Facing Interface YANG Data Model | E46: draft-ietf-i2nsf-nsf-facing-interface-dm | F46: IETF | G46: I2NSF | H46: 개발중 | I46: SDN/NFV 기반 I2NSF 구조에서 보안 제어기와 하부 SDN 스위치 노드 간의 위치한 NSF 인터페이스를 위한 데이터모델 제시 | J46: 2018 | K46: 2024 | L46: 박정수 | M46: 에디터(박정수) | O46: 표준개발과제(과기부 정보통신방송표준개발지원사업) | P46: 과기부 | Q46: 5) 사이버보안 | R46: 네트워크 클라우드 보안 | S46: 무 | T46: 0
A47: ICT전략연구소 | B47: 표준연구본부 | C47: 46 | D47: Capability and functional architecture of peer of blockchain of things | E47: ITU-T Y.IoT-BoT-peer | F47: ITU-T | G47: SG20 Q3 | H47: 개발중 | I47: 기개발된 BoT 구조 권고안을 기반으로 블록체인 피어 노드 간 직접네트워킹 기법 제시 | J47: 2020 | K47: 2025 | L47: 박정수 | M47: 에디터(박정수) | N47: SG20 의장(김형준) | O47: 표준개발과제(과기부 정보통신방송표준개발지원사업) | P47: 과기부 | Q47: 5) 사이버보안 | R47: 네트워크 클라우드 보안 | S47: 무 | T47: 0
A48: ICT전략연구소 | B48: 표준연구본부 | C48: 47 | D48: Applicability cases of blockchain in the IoT | E48: ITU-T Y.Sup-IoT-BC | F48: ITU-T | G48: SG20 Q2 | H48: 개발중 | I48: 사물인터넷 환경에서 적용할 수 있는 다양한 블록체인 유즈케이스를 분류하고 제시 | J48: 2023 | K48: 2024 | L48: 박정수 | M48: 에디터(박정수) | N48: SG20 의장(김형준) | O48: 표준개발과제(과기부 정보통신방송표준개발지원사업) | P48: 과기부 | Q48: 5) 사이버보안 | R48: 네트워크 클라우드 보안 | S48: 무 | T48: 0
A49: ICT전략연구소 | B49: 표준연구본부 | C49: 48 | D49: A Method for Generating Link-Scoped IPv6 Multicast Addresses | E49: IETF RFC4489 | F49: IETF | G49: IPv6 | H49: 제정완료 | I49: 로컬 멀티캐스주소 자동설정 기법 제시 (국내 최초 IPv6 RFC PS(Proposed Standard) 표준) | J49: 2002 | K49: 2006 | L49: 박정수, 신명기, 김형준 | O49: 표준개발과제(과기부 정보통신방송표준개발지원사업) | P49: 과기부 | Q49: 7) 차세대통신 | R49: 기타 | S49: 무 | T49: 0
A50: ICT전략연구소 | B50: 표준연구본부 | C50: 49 | D50: General requirements for ID/locator separation in NGN | E50: ITU-T Y.2015 | F50: ITU-T | G50: SG13 Q5 | H50: 제정완료 | I50: 식별자와 로케이터 분리를 위한 요구사항 제시 | J50: 2008 | K50: 2009 | L50: 박정수, 유태환 | O50: 표준개발과제(과기부 정보통신방송표준개발지원사업) | P50: 과기부 | Q50: 7) 차세대통신 | R50: 기타 | S50: 무 | T50: 0
A51: ICT전략연구소 | B51: 표준연구본부 | C51: 50 | D51: Framework of Identifiers and Locators Separation in IPv6-based Next Generation Networks | E51: ITU-T Y.2057 | F51: ITU-T | G51: SG13 Q7 | H51: 제정완료 | I51: IPv6 주소 기반 식별자와 로케이터 분리 모델 제시 | J51: 2009 | K51: 2012 | L51: 박정수, 유태환 | O51: 표준개발과제(과기부 정보통신방송표준개발지원사업) | P51: 과기부 | Q51: 7) 차세대통신 | R51: 기타 | S51: 무 | T51: 0 | AA51: R
A52: ICT전략연구소 | B52: 표준연구본부 | C52: 51 | D52: Functional architecture for the support of host-based ID/locator separation in NGN | E52: ITU-T Y.2022 | F52: ITU-T | G52: SG13 Q5 | H52: 제정완료 | I52: 식별자와 로케이터 분리 구조 모델 제시(IETF LISP 표준과의 연계 제시) | J52: 2009 | K52: 2011 | L52: 박정수, 유태환 | O52: 표준개발과제(과기부 정보통신방송표준개발지원사업) | P52: 과기부 | Q52: 7) 차세대통신 | R52: 기타 | S52: 무 | T52: 0
A53: ICT전략연구소 | B53: 표준연구본부 | C53: 52 | D53: Framework of delegation service for IoT devices | E53: ITU-T Y.4463 | F53: ITU-T | G53: SG20 Q4 | H53: 제정완료 | I53: 물리/가상공간 간 센싱 데이터의 소유권 관리 모델표준 제시 | J53: 2015 | K53: 2020 | L53: 박정수, 최영환 | M53: 에디터(박정수), 에디터(최영환) | N53: SG20 의장(김형준) | O53: 표준개발과제(과기부 정보통신방송표준개발지원사업) | P53: 과기부 | Q53: 5) 사이버보안 | R53: 데이터 및 AI보안 | S53: 무 | T53: 0
A54: ICT전략연구소 | B54: 표준연구본부 | C54: 53 | D54: Framework of blockchain-based self-organization networking in IoT environments | E54: ITU-T Y.4491 | F54: ITU-T | G54: SG20 Q2 | H54: 개발중 | I54: 블록체인 기반 자율 조직 네트워킹 구조 제시 | J54: 2019 | K54: 2024 | L54: 박정수, 최윤철 | M54: 에디터(박정수), 에디터(최윤철) | N54: SG20 의장(김형준) | O54: 표준개발과제(과기부 정보통신방송표준개발지원사업) | P54: 과기부 | Q54: 12) ICT융합 | R54: 산업ICT융합 | S54: 무 | T54: 0
A55: ICT전략연구소 | B55: 표준연구본부 | C55: 54 | D55: Blockchain-based data exchange and sharing for supporting Internet of things and smart cities and communities | E55: ITU-T Y.4560-rev: | F55: ITU-T | G55: SG20 Q4 | H55: 제정완료 | I55: 기존 디지털 자산의 공유 및 교환 요구사항 및 유즈케이스 권고안을 확장하여, 최근 이슈가 되고 있는 디지털 자산의 개념을 제시하고, 관련 보급 시나리오를 개발 | J55: 2022 | K55: 2023 | L55: 박정수, 최윤철 | M55: 에디터(박정수), 에디터((최윤철) | N55: SG20 의장(김형준) | O55: 표준개발과제(과기부 정보통신방송표준개발지원사업) | P55: 과기부 | Q55: 5) 사이버보안 | R55: 데이터 및 AI보안 | S55: 무 | T55: 0
A56: ICT전략연구소 | B56: 표준연구본부 | C56: 55 | D56: Reference architecture of data sharing and exchange based on lightweight intelligent software framework for Internet of things devices | E56: Y.DSE-LISF | F56: ITU-T | G56: SG20 Q4 | H56: 개발중 | I56: 사물인터넷 디바이스를 위한 경량 지능형 소프트웨어 프레임워크 상에서 인공지능 학습모델 공유 및 교환 구조 제시 | J56: 2024 | K56: 2026 | L56: 박정수, 최윤철, 김성한 | M56: 에디터(박정수) | N56: SG20 의장(김형준) | O56: 표준개발과제(과기부 정보통신방송표준개발지원사업) | P56: 과기부 | Q56: 6) 인공지능 | R56: 안전·신뢰 AI | S56: 무 | T56: 0
A57: ICT전략연구소 | B57: 표준연구본부 | C57: 56 | D57: Requirements and a reference model of data for Smart Pest and Disease Management (SPDM) service | E57: ITU-T Y.SPDM-reqts | F57: ITU-T | G57: SG20 Q4 | H57: 개발중 | I57: 스마트 방제(해충 및 질병) 관리 서비스를 위한 요구사항 및 참조 데이터 모델을 개발 | J57: 2024 | K57: 2026 | L57: 박주영 | M57: 에디터(박주영), 에디터(윤성현) | N57: SG20 의장(김형준) | O57: 기타 | Q57: 12) ICT융합 | R57: 산업ICT융합 | S57: 무 | T57: 0
A58: ICT전략연구소 | B58: 표준연구본부 | C58: 57 | D58: Framework of smart greenhouse service | E58: ITU-T Y.4466 | F58: ITU-T | G58: SG20 Q4 | H58: 제정완료 | I58: 스마트 온실 서비스를 위한 서비스 요구사항, 참조모델, 기능구조 및 인터페이스 등의 프레임워크 정의 | J58: 2015 | K58: 2020 | L58: 박주영, 최문환 | M58: 에디터(박주영, 최문환) | N58: SG20 부의장(김형준) | O58: 일반 PBS 과제 | P58: 농림축산부 | Q58: 12) ICT융합 | R58: 산업ICT융합 | S58: 무 | T58: 0
A59: ICT전략연구소 | B59: 표준연구본부 | C59: 58 | D59: Requirements and framework for smart livestock farming based on the Internet of things | E59: ITU-T Y.4482 | F59: ITU-T | G59: SG20 Q2 | H59: 제정완료 | I59: 스마트 축산의 개념모델, 요구사항 및 참조모델 정의 | J59: 2018 | K59: 2022 | L59: 박주영, 최문환 | M59: 에디터(박주영, 최문환) | N59: SG20 의장(김형준) | O59: 일반 PBS 과제 | P59: 농림축산부 | Q59: 12) ICT융합 | R59: 산업ICT융합 | S59: 무 | T59: 0
A60: ICT전략연구소 | B60: 표준연구본부 | C60: 59 | D60: ITU-T Y.4000-series – Use cases of IoT based smart agriculture | E60: ITU-T Y.Suppl.76 | F60: ITU-T | G60: SG20 Q2 | H60: 제정완료 | I60: 스마트 농업 분야의 표준화 항목 도출을 위한 다양한 시나리오 및 유즈케이스 개발 | J60: 2020 | K60: 2023 | L60: 박주영, 최문환 | M60: 에디터(박주영, 최문환) | N60: SG20 의장(김형준) | O60: 일반 PBS 과제 | P60: 농림축산부 | Q60: 12) ICT융합 | R60: 산업ICT융합 | S60: 무 | T60: 0
A61: ICT전략연구소 | B61: 표준연구본부 | C61: 60 | D61: Conceptual data model of smart livestock farming service | E61: ITU-T Y.DM-SLF | F61: ITU-T | G61: SG20 Q4 | H61: 개발중 | I61: ITU-T Y.DM-SLF는 스마트 축산 서비스를 위하여 요구되는 데이터 모델을 정의한다. 데이터 측면에서 스마트 축산 서비스의 개념을 소개하고 데이터 항목과 각 항목간의 관계를 정의함으로서 스마트 축산 서비스를 위한 개념적 데이터 모델을 수립하기 위하여 개발하고 있다. | J61: 2022 | K61: 2026 | L61: 박주영, 최문환 | M61: 에디터(박주영), 에디터(최문환) | N61: SG20 의장(김형준) | O61: 일반 PBS 과제 | P61: 다부처 | Q61: 12) ICT융합 | R61: 산업ICT융합 | S61: 무 | T61: 0
A62: ICT전략연구소 | B62: 표준연구본부 | C62: 61 | D62: Requirements and framework of occupational health service platform | E62: ITU-T H.862.8 | F62: ITU-T | G62: SG21 Q2 | H62: 제정완료 | I62: 개발하는 표준문서는 IoT기반 헬스 기기 및 의료정보 교환 표준체계를 활용한 산업보건 서비스 플랫폼 요구사항을 기술하고, 이를 기반으로 프레임워크 구조를 명시한다. 또한, 제안하는 서비스 플랫폼을 활용하기 위한 산업보건 서비스 활용사례를 부록으로 제시한다. | J62: 2023 | K62: 2025 | L62: 선경재, 김성혜 | M62: 에디터(선경재) | N62: SG21 부의장(강신각) | O62: 표준개발과제(과기부 정보통신방송표준개발지원사업) | P62: 과기부 | Q62: 4) 첨단바이오 | R62: 디지털헬스 데이터 분석·활용 | S62: 무 | T62: 0
A63: ICT전략연구소 | B63: 표준연구본부 | C63: 62 | D63: Dgital twin framework for manufacturing - Part 6: Digital twin composition | E63: ISO/CD 23247-6 | F63: ISO | G63: TC184 SC4 WG15 | H63: 개발중 | I63: 개발하는 표준문서는 제조 환경 다중 디지털 트윈을 목적에 따라 서로 결합 또는 연결할 수 있도록 하기 위한 요구사항을 기술하고, ISO 23247 제조 디지털 트윈 프레임워크 상에서 이를 제공하기 위한 기능을 상세 정의한다. | J63: 2023 | K63: 2026 | L63: 선경재, 김성혜, 유상근, 김용운, 손지연, 이학진 | M63: 프로젝트 리더(선경재) | O63: 일반 PBS 과제 | P63: 과기부 | Q63: 8) 첨단로봇제조 | R63: 가상제조 | S63: 무 | T63: 0
A64: ICT전략연구소 | B64: 표준연구본부 | C64: 63 | D64: Procedures for the 5G System (5GS);Stage 2 | E64: TS 23.502 (Release 18) | F64: 3GPP | G64: SA2 | H64: 제정완료 | I64: 개발 표준특허 기술은 5G 시스템에서 단말그룹기반 서비스 지원에 대한 기술로 1개의 표준특허에 반영되어 있음 | J64: 2022 | K64: 2023 | L64: 성지훈, 신명기 | O64: 표준개발과제(과기부 정보통신방송표준개발지원사업) | P64: 과기부 | Q64: 7) 차세대통신 | R64: 5G 고도화 | S64: 유 | T64: 1 | U64: 출원/출원 | V64: PR20220133(KR/US) | W64: - A METHOD FOR SUPPORTING TERMINAL GROUP BASED SERVICES AND DEVICES PERFORMING THE SAME | X64: 1.미국 | Y64: 성지훈
A65: ICT전략연구소 | B65: 표준연구본부 | C65: 64 | D65: System architecture for the 5G System (5GS);Stage 2 | E65: TS 23.501 (Release 17) | F65: 3GPP | G65: SA2 | H65: 제정완료 | I65: 개발 표준특허 기술은 5G 시스템에서 원격 프로비저닝 서비스의 지원을 위한 사용자 단말의 온보딩 방법에 대한 기술로 1개의 표준특허에 반영되어 있음 | J65: 2020 | K65: 2021 | L65: 성지훈, 이수환, 신명기 | O65: 표준개발과제(과기부 정보통신방송표준개발지원사업) | P65: 과기부 | Q65: 7) 차세대통신 | R65: 5G 고도화 | S65: 유 | T65: 1 | U65: 출원/출원 | V65: PR20210179(KR/US) | W65: - APPARATUS AND METHOD FOR PERFORMING ONBOARDING PROCEDURE FOR REMOTE PROVISIONING | X65: 1.미국 | Y65: 성지훈
A66: ICT전략연구소 | B66: 표준연구본부 | C66: 65 | D66: Architecture enhancements for 5G System (5GS) to support network data analytics services | E66: 'TS 23.288 (Release 18) | F66: 3GPP | G66: SA2 | H66: 제정완료 | I66: 개발 표준특허 기술은 5G 시스템에서 연합학습을 위한 학습단말 선택방법에 대한 기술로 1개의 표준특허에 반영되어 있음 | J66: 2022 | K66: 2023 | L66: 성지훈, 이수환, 신명기 | O66: 일반 PBS 과제 | P66: 과기부 | Q66: 7) 차세대통신 | R66: 5G 고도화 | S66: 유 | T66: 1 | U66: 출원/출원 | V66: PR20220044(KR/US) | W66: - APPARATUS AND METHOD FOR SELECTING TRAINING UE IN A MOBILE COMMUNICATION SYSTEM | X66: 1.미국 | Y66: 성지훈
A67: ICT전략연구소 | B67: 표준연구본부 | C67: 66 | D67: Policy and charging control framework for the 5G System (5GS): Stage 2 | E67: TS 23.503 (Release 18) | F67: 3GPP | G67: SA2 | H67: 제정완료 | I67: 개발 표준특허 기술은 5G 시스템에서 사용자경로선택정책에 대한 기술로 1개의 표준특허에 반영되어 있음 | J67: 2022 | K67: 2023 | L67: 성지훈, 이수환, 신명기 | O67: 일반 PBS 과제 | P67: 과기부 | Q67: 7) 차세대통신 | R67: 5G 고도화 | S67: 유 | T67: 1 | U67: 출원/출원 | V67: PR20220139(KR/US) | W67: - METHOD FOR PROVISION OF USER POLICY AND DEVICE PERFORMING THE SAME | X67: 1.미국 | Y67: 성지훈
A68: ICT전략연구소 | B68: 표준연구본부 | C68: 67 | D68: Dual Stack Hosts Using "Bump-in-the-API" (BIA) | E68: RFC 3338 | F68: IETF | G68: NGTRANS | H68: 제정완료 | I68: 차세대 네트워크(IPv6)과 현 인터넷과의 연동을 위한 응용 레벨의 변환 기술인 "Bump-in-the-API" (BIA) 기술함 | J68: 2000 | K68: 2002 | L68: 신명기 | O68: 일반 PBS 과제 | P68: 과기부 | Q68: 7) 차세대통신 | R68: 기타 | S68: 무 | T68: 0
A69: ICT전략연구소 | B69: 표준연구본부 | C69: 68 | D69: Application Aspects of IPv6 Transition | E69: RFC 4038 | F69: IETF | G69: NGTRANS | H69: 제정완료 | I69: 차세대 네트워크(IPv6) 전환시 고려해야 하는 응용 측면의 요구사항 및 가이드라인에 대해 기술함 | J69: 2003 | K69: 2005 | L69: 신명기 | O69: 표준개발과제(과기부 정보통신방송표준개발지원사업) | P69: 과기부 | Q69: 7) 차세대통신 | R69: 기타 | S69: 무 | T69: 0
A70: ICT전략연구소 | B70: 표준연구본부 | C70: 69 | D70: IPv6 Deployment Scenarios in 802.16 Networks | E70: RFC 5181 | F70: IETF | G70: NGTRANS | H70: 제정완료 | I70: IEEE 802.16 (와이브로) 네트워크 상에서 IPv6 도입을 위한 시나리오를 기술함 | J70: 2006 | K70: 2008 | L70: 신명기 | O70: 표준개발과제(과기부 정보통신방송표준개발지원사업) | P70: 과기부 | Q70: 7) 차세대통신 | R70: 기타 | S70: 무 | T70: 0
A71: ICT전략연구소 | B71: 표준연구본부 | C71: 70 | D71: Future networks: Objectives and design goals | E71: ITU-T Y.3001 | F71: ITU-T | G71: SG17 Q2 | H71: 제정완료 | I71: 현 네트워크의 문제점을 해결하기 위한 clean-slate 기반의 새로운 미래네트워크에 대한 정의, 목적, 목표 등을 기술함 | J71: 2009 | K71: 2011 | L71: 신명기 | O71: 표준개발과제(과기부 정보통신방송표준개발지원사업) | P71: 과기부 | Q71: 7) 차세대통신 | R71: 기타 | S71: 무 | T71: 0
A72: ICT전략연구소 | B72: 표준연구본부 | C72: 71 | D72: Future Networks : Problem Statement and Requirements – Overall aspects | E72: ISO/IEC TR 29181-1 | F72: ISO/IEC JTC1 | G72: SC6 | H72: 제정완료 | I72: 현 네트워크의 문제점을 해결하기 위한 clean-slate 기반의 새로운 미래네트워크에 대한 문제 정의와 요구사항등을 기술함 | J72: 2010 | K72: 2012 | L72: 신명기 | O72: 표준개발과제(과기부 정보통신방송표준개발지원사업) | P72: 과기부 | Q72: 7) 차세대통신 | R72: 기타 | S72: 무 | T72: 0
A73: ICT전략연구소 | B73: 표준연구본부 | C73: 72 | D73: Architecture enhancements for 5G System (5GS) to support network data analytics services | E73: 'TS 23.288 (Release 18) | F73: 3GPP | G73: SA2 | H73: 제정완료 | I73: 개발 표준특허 기술은 5G 시스템에서 연합학습시 모델 프로비저닝을 위한 기술로 1개의 표준특허에 반영되어 있음 | J73: 2022 | K73: 2024 | L73: 신명기 | O73: 일반 PBS 과제 | P73: 과기부 | Q73: 7) 차세대통신 | R73: 5G 고도화 | S73: 유 | T73: 1 | U73: 1.출원 | V73: PR20220044 | W73: - MANAGEMENT SERVER THAT CONTROLS NETWORK DEVICES, AND PROCESSING METHODS OF NETWORK DEVICES AND MODEL MANAGEMENT SERVERS | X73: 1.미국 | Y73: 신명기
A74: ICT전략연구소 | B74: 표준연구본부 | C74: 73 | D74: Cloud computing - Functional requirements for machine learning as a service | E74: ITU-T Y.3531 | F74: ITU-T | G74: SG13 Q17 | H74: 제정완료 | I74: 본 권고안은 클라우드 컴퓨팅의 서비스형 기계학습(Machine Learning as a Service, MLaaS)의 기능 요구사항을 위한 문서로 MLaaS를 지원하기 위한 클라우드 시스템 구조 및 세부 기능을 정의. | J74: 2018 | K74: 2020 | L74: 신성필 | M74: 에디터(신성필) | N74: SG13 Q17 라포처(이강찬) | O74: 표준개발과제(과기부 정보통신방송표준개발지원사업) | P74: 과기부 | Q74: 6) 인공지능 | R74: 효율적학습/AI인프라고도화 | S74: 무 | T74: 0
A75: ICT전략연구소 | B75: 표준연구본부 | C75: 74 | D75: Artificial intelligence standardization roadmap | E75: ITU-T Y.Suppl. 72 | F75: ITU-T | G75: SG13 Q17 | H75: 제정완료 | I75: 본 부속서는 인공지능과 관련하여 국제 표준화 동향을 소개하고 수집된 표준화 아이템을 분석하여 향후 표준 개발 등에 참고 자료로 활용 가능한 갭분석을 제공. | J75: 2019 | K75: 2022 | L75: 신성필 | M75: 에디터(신성필) | N75: SG13 Q17 라포처(이강찬) | O75: 표준개발과제(과기부 정보통신방송표준개발지원사업) | P75: 과기부 | Q75: 6) 인공지능 | R75: 효율적학습/AI인프라고도화 | S75: 무 | T75: 0
A76: ICT전략연구소 | B76: 표준연구본부 | C76: 75 | D76: Cloud computing – Functional requirements for robotics as a service | E76: ITU-T Y.3533 | F76: ITU-T | G76: SG13 Q17 | H76: 제정완료 | I76: 본 권고안은 클라우드 컴퓨팅의 서비스형 로보틱스(Robotics as a Service, RaaS)의 기능 요구사항을 위한 문서로 RaaS를 지원하기 위한 클라우드 시스템 구조 및 세부 기능을 정의. | J76: 2020 | K76: 2023 | L76: 신성필 | M76: 에디터(신성필) | N76: SG13 Q17 라포처(이강찬) | O76: 일반 PBS 과제 | P76: 과기부 | Q76: 8) 첨단로봇제조 | R76: 고난도 자율조작 | S76: 무 | T76: 0
A77: ICT전략연구소 | B77: 표준연구본부 | C77: 76 | D77: Big data – Functional architecture for data provenance | E77: ITU-T Y.3607 | F77: ITU-T | G77: SG13 Q18 | H77: 제정완료 | I77: 본 권고안은 빅데이터 이력관리 시스템의 기능 구조를 위한 문서로 기존 Y.3602(Functional requirements for data provenance)의 빅데이터 이력관리 시스템의 기능 요구사항을 구현하기 위한 상세 기능 컴포넌트 및 인터페이스 등을 제공. | J77: 2021 | K77: 2023 | L77: 신성필 | M77: 에디터(신성필) | N77: SG13 Q17 라포처(이강찬) | O77: 표준개발과제(과기부 정보통신방송표준개발지원사업) | P77: 과기부 | Q77: 6) 인공지능 | R77: 효율적학습/AI인프라고도화 | S77: 무 | T77: 0
A78: AI안전연구소 | B78: AI안전평가실 | C78: 77 | D78: Machine Learning Standardization Roadmap | E78: Y.sup.aisr | F78: ITU-T | G78: JCA-ML | H78: 개발중 | I78: 본 부속서는 기계학습(ML)과 관련하여 국제 표준화 동향을 소개하고 수집된 표준화 아이템을 분석하여 향후 표준 개발 등에 참고 자료로 활용 가능한 갭분석을 제공. | J78: 2023 | K78: 2025 | L78: 신성필 | M78: 에디터(신성필) | N78: JCA AI/ML 의장(이강찬) SG13 Q17 라포처(하수욱) | O78: 표준개발과제(과기부 정보통신방송표준개발지원사업) | P78: 과기부 | Q78: 6) 인공지능 | R78: 효율적학습/AI인프라고도화 | S78: 무 | T78: 0
A79: ICT전략연구소 | B79: 표준연구본부 | C79: 78 | D79: Cloud computing – Functional architecture for machine learning as a service | E79: ITU-T Y.MLaaS-arch | F79: ITU-T | G79: SG13 Q18 | H79: 개발중 | I79: 본 권고안은 서비스형 기계학습(Machine Learning as a Service, MLaaS)의 기능 구조를 위한 문서로 기존 Y.3531(Functional requirements for MLaaS)의 기능 요구사항을 구현하기 위한 상세 기능 컴포넌트 및 인터페이스 등을 제공. | J79: 2023 | K79: 2025 | L79: 신성필 | M79: 에디터(신성필) | N79: SG13 WP2 의장(이강찬) | O79: 표준개발과제(과기부 정보통신방송표준개발지원사업) | P79: 과기부 | Q79: 6) 인공지능 | R79: 효율적학습/AI인프라고도화 | S79: 무 | T79: 0
A80: ICT전략연구소 | B80: 표준연구본부 | C80: 79 | D80: Requirements and capability framework for IoT-based automotive emergency response system | E80: ITU-T Y.4119 | F80: ITU-T | G80: SG20 Q1 | H80: 제정완료 | I80: 차량 긴급구난체계(e-Call)은 차량 운행 중 교통사고가 발생하면 자동으로 사고를 감지하고, 관련 정보를 e-Call 센터로 전송하여 구조 기관(경찰, 119 안전신고센터 등)에 사고 내용을 통지하여 인명구조 등 사고를 처리하기 위한 시스템임. Aftermarket 단말의 사고신고 오작동 방지를 위한 Proxy PSAP 기술이 표준특허에 반영되어 있음 | J80: 2016 | K80: 2018 | L80: 심태형, 이준섭 | M80: 에디터(심태형), 에디터(이준섭) | N80: SG20 의장(김형준) SG20 Q1 라포처(이준섭) | O80: 일반 PBS 과제 | P80: 과기부 | Q80: 12) ICT융합 | R80: 안전ICT융합 | S80: 유 | T80: 1 | U80: 1.등록 | V80: 1.PR20160098 | W80: 1. VEHICLE EMERGENCY NOTIFICATION APPARATUS AND METHOD USING EXTERNAL TERMINAL | X80: 1.미국 | Y80: 이준섭
A81: ICT전략연구소 | B81: 표준연구본부 | C81: 80 | D81: Minimum set of data transfer protocol for automotive emergency response system | E81: ITU-T Y.4468 | F81: ITU-T | G81: SG20 Q3 | H81: 제정완료 | I81: 본 표준은 차량 긴급구난체계(e-Call) 시스템에서 사고 판단 시 e-Call 단말(AECD)로부터 e-Call 센터(e-Call Center)로 전송하는 최소 사고 정보(MSD, Minimum Set of Data)의 전송 프로토콜을 정의함 | J81: 2018 | K81: 2020 | L81: 심태형, 이준섭, 임정일, 이진영, 김용운, 김형준 | M81: 에디터(심태형), 에디터(이준섭) | N81: SG20 부의장(김형준) SG20 Q1 라포처(이준섭) | O81: 일반 PBS 과제 | P81: 과기부 | Q81: 12) ICT융합 | R81: 안전ICT융합 | S81: 무 | T81: 0
A82: ICT전략연구소 | B82: 표준연구본부 | C82: 81 | D82: Requirements for the interworking of autonomous urban delivery robots | E82: ITU-T Y.4607 | F82: ITU-T | G82: SG20 Q1 | H82: 제정완료 | I82: 이 표준은 자율주행 배달로봇이 사람의 개입 없이 재화를 배달하는 서비스를 위해 도심 인프라 및 사용자 단말 등과 연동하기 위한 요구사항을 정의함 | J82: 2022 | K82: 2024 | L82: 심태형, 임정일 | M82: 에디터(심태형), 에디터(임정일) | N82: SG20 의장(김형준) SG20 Q1 라포처(이준섭) | O82: 표준개발과제(과기부 정보통신방송표준개발지원사업) | P82: 과기부 | Q82: 8) 첨단로봇제조 | R82: 로봇 자율이동 | S82: 유 | T82: 1 | U82: 1.출원 | V82: PR20230032 | W82: 도심 자율주행 배달로봇 서비스 | X82: 1.미국 | Y82: 심태형
A83: ICT전략연구소 | B83: 표준연구본부 | C83: 82 | D83: Reference architecture for the interworking of autonomous urban delivery robots | E83: ITU-T Y.4506 | F83: ITU-T | G83: SG20 Q1 | H83: 개발중 | I83: 이 표준은 자율주행 배달로봇이 사람의 개입 없이 재화를 배달하는 서비스를 위해 도심 인프라 및 사용자 단말 등과 연동하기 위한 기능요소 및 인터페이스를 포함하는 참조구조를 정의함 | J83: 2023 | K83: 2025 | L83: 심태형, 임정일 | M83: 에디터(심태형), 에디터(임정일) | N83: SG20 의장(김형준) SG20 Q1 라포처(이준섭) | O83: 표준개발과제(과기부 정보통신방송표준개발지원사업) | P83: 과기부 | Q83: 8) 첨단로봇제조 | R83: 로봇 자율이동 | S83: 유 | T83: 1 | U83: 1.출원 | V83: PR20230032 | W83: 도심 자율주행 배달로봇 서비스 | X83: 1.미국 | Y83: 심태형
A84: ICT전략연구소 | B84: 표준연구본부 | C84: 83 | D84: Reference model for firefighting infrastructure management systems for buildings in sustainable cities | E84: ITU-T L.1631 | F84: ITU-T | G84: SG5 Q13 | H84: 제정완료 | I84: 본 표준은 지속 가능한 도시를 위해 빌딩 내 중계기 등 소방시설(FDIE) 인프라 관리를 위한 관리시스템(FIMS) 참조모델을 정의하며, 지속 가능한 도시를 위한 소방 인프라 관리시스템 참조모델 개요, 기능 요소를 포함하는 참조모델, 소방 인프라 관리시스템 참조모델 기반 유스케이스를 제공함 | J84: 2022 | K84: 2023 | L84: 심태형, 정상진, 안윤영 | M84: 에디터(심태형), 에디터(정상진), 에디터(안윤영) | N84: SG5 Q11 라포처(정상진) | O84: 표준개발과제(과기부 정보통신방송표준개발지원사업) | P84: 과기부 | Q84: 12) ICT융합 | R84: 안전ICT융합 | S84: 무 | T84: 0 | AA84: R
A85: ICT전략연구소 | B85: 표준연구본부 | C85: 84 | D85: Framework of the IMT-2020 network | E85: ITU-T Y.3102 | F85: ITU-T | G85: SG17 Q2 | H85: 제정완료 | I85: IMT-2020 네트워크의 주요 사양, 네트워크 구조 설계시 고려 사항, 네트워크 기능 및 서비스 프레임워크 정의 | J85: 2015 | K85: 2018 | L85: 안병준 | O85: 표준개발과제(과기부 정보통신방송표준개발지원사업) | P85: 과기부 | Q85: 7) 차세대통신 | R85: 5G 고도화 | S85: 무 | T85: 0
A86: ICT전략연구소 | B86: 표준연구본부 | C86: 85 | D86: Architecture of the IMT-2020 network | E86: ITU-T Y.3104 | F86: ITU-T | G86: SG17 Q2 | H86: 제정완료 | I86: IMT-2020 네트워크 구조 참조 모델 및 네트워크 서비스 절차 정의 | J86: 2015 | K86: 2018 | L86: 안병준 | O86: 표준개발과제(과기부 정보통신방송표준개발지원사업) | P86: 과기부 | Q86: 7) 차세대통신 | R86: 5G 고도화 | S86: 무 | T86: 0
A87: ICT전략연구소 | B87: 표준연구본부 | C87: 86 | D87: Signalling requirements and architecture for federated multiaccess edge computing | E87: ITU-T Q.5003 | F87: ITU-T | G87: SG11 Q7 | H87: 제정완료 | I87: Federated MEC를 위한 시그널링 구조 모델 및 참조점 정의, 시그널링 구조 모델을 구성하는 각 계층 별 기능 블록 및 요구사항 정의, 각 참조점에 대한 시그널링 요구사항 정의 | J87: 2020 | K87: 2022 | L87: 안병준 | M87: 에디터(안병준) | O87: 표준개발과제(과기부 정보통신방송표준개발지원사업) | P87: 과기부 | Q87: 7) 차세대통신 | R87: 5G 고도화 | S87: 무 | T87: 0
A88: ICT전략연구소 | B88: 표준연구본부 | C88: 87 | D88: Signalling requirements and architecture to support AI based vertical services in future network, IMT2020 and beyond | E88: ITU-T Q.5008 | F88: ITU-T | G88: SG11 Q7 | H88: 제정완료 | I88: IMT-2020 네트워크에서 AI 기반 버티컬 서비스 지원을 위한 시그널링 구조 모델 및 참조점 정의, 시그널링 구조 모델을 구성하는 각 계층 별 기능 블록 및 요구사항 정의, AI 플랫폼 서비스 절차들, 각 참조점에 대한 시그널링 요구사항 등 정의 | J88: 2022 | K88: 2025 | L88: 안병준 | M88: 에디터(안병준) | N88: SG11 WP2 의장(고남석) | O88: 표준개발과제(과기부 정보통신방송표준개발지원사업) | P88: 과기부 | Q88: 7) 차세대통신 | R88: 5G 고도화 | S88: 무 | T88: 0
A89: ICT전략연구소 | B89: 표준연구본부 | C89: 88 | D89: Service Enabler Architecture Layer for Verticals (SEAL); Spatial mapping and Spatial anchors management | E89: TS 23.437 | F89: 3GPP | G89: SA6 | H89: 제정완료 | I89: 버티컬 서비스를 위한 서비스 인에이블러 계층 아키텍처 중 공간 맵 및 공간 앵커 관리를 위한 표준 개발 | J89: 2024 | K89: 2025 | L89: 안병준 | O89: ETRI 출연금사업 | P89: 과기부 | Q89: 7) 차세대통신 | R89: 5G 고도화 | S89: 유 | T89: 1 | U89: 1.출원 2.출원 | V89: 1.PR20240180KRa 2.PR20240180US | W89: 공간 맵 관리 지원을 위한 이동통신 네트워크 솔루션 | X89: 1.한국 2.미국 | Y89: 안병준 | AA89: R
A90: ICT전략연구소 | B90: 표준연구본부 | C90: 89 | D90: Study on application enablement for Localized Mobile Metaverse Services | E90: TR 23.700-21 | F90: 3GPP | G90: SA6 | H90: 제정완료 | I90: 지역적인 모바일 메타버스 서비스 제공을 위한 응용 계층 인에이블러 표준 개발 | J90: 2024 | K90: 2025 | L90: 안병준 | O90: ETRI 출연금사업 | P90: 과기부 | Q90: 7) 차세대통신 | R90: 5G 고도화 | S90: 무 | T90: 0
A91: ICT전략연구소 | B91: 표준연구본부 | C91: 90 | D91: Identification method for equipment in building infrastructure for sustainable city | E91: ITU-T L.1632 | F91: ITU-T | G91: SG5 Q13 | H91: 제정완료 | I91: 이 표준은 지속가능한 도시의 건물 인프라 설비 중 에너지, 환경, 소방설비를 식별할 수 있는 공통의 식별방법을 제시 | J91: 2023 | K91: 2024 | L91: 안윤영, 정상진 | M91: 에디터(안윤영), 에디터(정상진) | N91: SG5 Q11 라포처(정상진) | O91: 표준개발과제(과기부 정보통신방송표준개발지원사업) | P91: 과기부 | Q91: 12) ICT융합 | R91: 에너지ICT융합 | S91: 무 | T91: 0 | AA91: R
A92: ICT전략연구소 | B92: 표준연구본부 | C92: 91 | D92: Mobile item identification and management – User data for Mobile AIDC services | E92: ISO/IEC 29175 | F92: ISO/IEC JTC1 | G92: SC31 | H92: 제정완료 | I92: ISO/IEC 18000-6 Type-C 태그의 응용데이터 저장 형식 | J92: 2008 | K92: 2012 | L92: 유상근 | M92: 프로젝트 에디터(유상근) | O92: 표준개발과제(과기부 정보통신방송표준개발지원사업) | P92: 과기부 | Q92: 12) ICT융합 | R92: 기타 | S92: 무 | T92: 0
A93: ICT전략연구소 | B93: 표준연구본부 | C93: 92 | D93: Mobile item identification and management – Service broker for Mobile AIDC services | E93: ISO/IEC 29178 | F93: ISO/IEC JTC1 | G93: SC31 | H93: 제정완료 | I93: ISO/IEC 18000-6 Type-C 태그의 코드 해석을 위한 서비스 브로커 기능 | J93: 2008 | K93: 2012 | L93: 유상근 | M93: 프로젝트 에디터(유상근) | O93: 표준개발과제(과기부 정보통신방송표준개발지원사업) | P93: 과기부 | Q93: 12) ICT융합 | R93: 기타 | S93: 무 | T93: 0
A94: ICT전략연구소 | B94: 표준연구본부 | C94: 93 | D94: Functional requirements and architecture of the NGN for applications and services using tag-based identification | E94: ITU-T Y.2016 | F94: ITU-T | G94: SG13 Q15 | H94: 제정완료 | I94: NGN 환경에서 RFID 서비스를 제공하기 위한 NGN의 기능요구사항 및 구조 | J94: 2009 | K94: 2010 | L94: 유상근 | M94: 에디터(유상근) | O94: 표준개발과제(과기부 정보통신방송표준개발지원사업) | P94: 과기부 | Q94: 12) ICT융합 | R94: 기타 | S94: 무 | T94: 0
A95: ICT전략연구소 | B95: 표준연구본부 | C95: 94 | D95: Sensor networks: Sensor Network Reference Architecture - Part 1: General overview and requirements | E95: ISO/IEC 29182-1 | F95: ISO/IEC JTC1 | G95: SC41 WG7 | H95: 제정완료 | I95: 센서 네트워크 참조모델 정의를 위한 개요 및 요구사항 | J95: 2012 | K95: 2014 | L95: 유상근 | M95: 프로젝트 에디터(유상근) | O95: 표준개발과제(국표원 표준기술력향상사업) | P95: 산업부 | Q95: 12) ICT융합 | R95: 기타 | S95: 무 | T95: 0
A96: ICT전략연구소 | B96: 표준연구본부 | C96: 95 | D96: Functional requirements and architecture of the Next Generation Network for support of ubiquitous sensor network (USN) applications and services | E96: ITU-T Y.2026 | F96: ITU-T | G96: SG13 Q15 | H96: 제정완료 | I96: NGN 환경에서 USN 서비스를 제공하기 위한 NGN의 기능요구사항 및 구조 | J96: 2012 | K96: 2013 | L96: 유상근 | M96: 에디터(유상근) | O96: 표준개발과제(과기부 정보통신방송표준개발지원사업) | P96: 과기부 | Q96: 12) ICT융합 | R96: 기타 | S96: 무 | T96: 0
A97: ICT전략연구소 | B97: 표준연구본부 | C97: 96 | D97: Common requirements for Internet of Things (IoT) applications | E97: ITU-T F.748.0 | F97: ITU-T | G97: SG13 Q15 | H97: 제정완료 | I97: 사물인터넷 응용을 위한 공통 요구사항 | J97: 2014 | K97: 2015 | L97: 유상근 | M97: 에디터(유상근) | O97: 표준개발과제(과기부 정보통신방송표준개발지원사업) | P97: 과기부 | Q97: 12) ICT융합 | R97: 기타 | S97: 무 | T97: 0
A98: ICT전략연구소 | B98: 표준연구본부 | C98: 97 | D98: Machine socialization: Overview and reference model | E98: ITU-T F.748.2 | F98: ITU-T | G98: SG13 Q15 | H98: 제정완료 | I98: 머신 소셜라이이제션을 위한 개요 및 요구사항 | J98: 2014 | K98: 2015 | L98: 유상근 | M98: 에디터(유상근) | O98: 표준개발과제(과기부 정보통신방송표준개발지원사업) | P98: 과기부 | Q98: 6) 인공지능 | R98: 기타 | S98: 무 | T98: 0
A99: ICT전략연구소 | B99: 표준연구본부 | C99: 98 | D99: ITU-T Y.4600 - Concept and use cases of a digital twin in smart sustainable cities | E99: ITU-T Y Suppl. 73 | F99: ITU-T | G99: SG20 Q7 | H99: 제정완료 | I99: 스마트시티에 디지털트윈을 적용하기 위한 개념 및 유스케이스 | J99: 2021 | K99: 2023 | L99: 유상근 | M99: 에디터(유상근) | N99: SG20 의장(김형준) | O99: 표준개발과제(과기부 정보통신방송표준개발지원사업) | P99: 과기부 | Q99: 12) ICT융합 | R99: 산업ICT융합 | S99: 무 | T99: 0
A100: ICT전략연구소 | B100: 표준연구본부 | C100: 99 | D100: Digital twin – Maturity model and guidance for a maturity assessment | E100: ISO/IEC/FDIS 30186 | F100: ISO/IEC JTC1 | G100: SC41 WG6 | H100: 개발중 | I100: 디지털 트윈 성숙도 모델 정의 및 평가 가이드라인 | J100: 2022 | K100: 2025 | L100: 유상근 | M100: 프로젝트 리더(유상근) | O100: 표준개발과제(과기부 정보통신방송표준개발지원사업) | P100: 과기부 | Q100: 12) ICT융합 | R100: 산업ICT융합 | S100: 무 | T100: 0
...

Sheet 결과
E1: 응답건수 | G1: N | H1: R | J1: 2025년도
B2: 직할부서 | E2: 2024년도 | F2: 2025년도 | G2: 신규추가 | H2: 갱신건수 | J2: 계획중 | K2: 제안중 | L2: 개발중 | M2: 제정완료 | N2: 개발중단 | O2: 추진건수
B4: 인공지능컴퓨팅연구소 | C4: 사이버보안연구본부 | F4: =COUNTIF(취합!$B:$B,결과!C4) -> 57 | G4: =IF(COUNTIFS(취합!$B:$B,결과!C4,취합!$AA:$AA,G$1)=0,"",COUNTIFS(취합!$B:$B,결과!C4,취합!$AA:$AA,G$1)) | H4: =IF(COUNTIFS(취합!$B:$B,결과!C4, 취합!$AA:$AA,H$1)=0,"",COUNTIFS(취합!$B:$B,결과!C4, 취합!$AA:$AA,H$1)) | J4: =IF(COUNTIFS(취합!$B:$B,결과!$C4,취합!$H:$H,"계획중")=0,"",COUNTIFS(취합!$B:$B,결과!$C4,취합!$H:$H,"계획중")) | K4: =IF(COUNTIFS(취합!$B:$B,결과!$C4,취합!$H:$H,"제안중")=0,"",COUNTIFS(취합!$B:$B,결과!$C4,취합!$H:$H,"제안중")) | L4: =IF(COUNTIFS(취합!$B:$B,결과!$C4,취합!$H:$H,"개발중")=0,"",COUNTIFS(취합!$B:$B,결과!$C4,취합!$H:$H,"개발중")) -> 14 | M4: =IF(COUNTIFS(취합!$B:$B,결과!$C4,취합!$H:$H,"제정완료")=0,"",COUNTIFS(취합!$B:$B,결과!$C4,취합!$H:$H,"제정완료")) -> 42 | N4: =IF(COUNTIFS(취합!$B:$B,결과!$C4,취합!$H:$H,"개발중단")=0,"",COUNTIFS(취합!$B:$B,결과!$C4,취합!$H:$H,"개발중단")) -> 1 | O4: =IF(N4="", SUM(J4:M4), SUM(J4:M4)) -> 56
B5: 인공지능컴퓨팅연구소 | C5: 온디바이스AI연구본부 | F5: =COUNTIF(취합!$B:$B,결과!C5) -> 1 | G5: =IF(COUNTIFS(취합!$B:$B,결과!C5,취합!$AA:$AA,G$1)=0,"",COUNTIFS(취합!$B:$B,결과!C5,취합!$AA:$AA,G$1)) | H5: =IF(COUNTIFS(취합!$B:$B,결과!C5, 취합!$AA:$AA,H$1)=0,"",COUNTIFS(취합!$B:$B,결과!C5, 취합!$AA:$AA,H$1)) | J5: =IF(COUNTIFS(취합!$B:$B,결과!$C5,취합!$H:$H,"계획중")=0,"",COUNTIFS(취합!$B:$B,결과!$C5,취합!$H:$H,"계획중")) | K5: =IF(COUNTIFS(취합!$B:$B,결과!$C5,취합!$H:$H,"제안중")=0,"",COUNTIFS(취합!$B:$B,결과!$C5,취합!$H:$H,"제안중")) | L5: =IF(COUNTIFS(취합!$B:$B,결과!$C5,취합!$H:$H,"개발중")=0,"",COUNTIFS(취합!$B:$B,결과!$C5,취합!$H:$H,"개발중")) -> 1 | M5: =IF(COUNTIFS(취합!$B:$B,결과!$C5,취합!$H:$H,"제정완료")=0,"",COUNTIFS(취합!$B:$B,결과!$C5,취합!$H:$H,"제정완료")) | N5: =IF(COUNTIFS(취합!$B:$B,결과!$C5,취합!$H:$H,"개발중단")=0,"",COUNTIFS(취합!$B:$B,결과!$C5,취합!$H:$H,"개발중단")) | O5: =IF(N5="", SUM(J5:M5), SUM(J5:M5)) -> 1
B6: 인공지능컴퓨팅연구소 | C6: 초성능컴퓨팅연구본부 | F6: =COUNTIF(취합!$B:$B,결과!C6) -> 24 | G6: =IF(COUNTIFS(취합!$B:$B,결과!C6,취합!$AA:$AA,G$1)=0,"",COUNTIFS(취합!$B:$B,결과!C6,취합!$AA:$AA,G$1)) | H6: =IF(COUNTIFS(취합!$B:$B,결과!C6, 취합!$AA:$AA,H$1)=0,"",COUNTIFS(취합!$B:$B,결과!C6, 취합!$AA:$AA,H$1)) -> 4 | J6: =IF(COUNTIFS(취합!$B:$B,결과!$C6,취합!$H:$H,"계획중")=0,"",COUNTIFS(취합!$B:$B,결과!$C6,취합!$H:$H,"계획중")) -> 6 | K6: =IF(COUNTIFS(취합!$B:$B,결과!$C6,취합!$H:$H,"제안중")=0,"",COUNTIFS(취합!$B:$B,결과!$C6,취합!$H:$H,"제안중")) | L6: =IF(COUNTIFS(취합!$B:$B,결과!$C6,취합!$H:$H,"개발중")=0,"",COUNTIFS(취합!$B:$B,결과!$C6,취합!$H:$H,"개발중")) -> 7 | M6: =IF(COUNTIFS(취합!$B:$B,결과!$C6,취합!$H:$H,"제정완료")=0,"",COUNTIFS(취합!$B:$B,결과!$C6,취합!$H:$H,"제정완료")) -> 11 | N6: =IF(COUNTIFS(취합!$B:$B,결과!$C6,취합!$H:$H,"개발중단")=0,"",COUNTIFS(취합!$B:$B,결과!$C6,취합!$H:$H,"개발중단")) | O6: =IF(N6="", SUM(J6:M6), SUM(J6:M6)) -> 24
B7: 소계 | E7: 75 | F7: =SUM(F4:F6) -> 82 | G7: =SUM(G4:G6) -> 0 | H7: =SUM(H4:H6) -> 4 | J7: =SUM(J4:J6) -> 6 | K7: =SUM(K4:K6) -> 0 | L7: =SUM(L4:L6) -> 22 | M7: =SUM(M4:M6) -> 53 | N7: =SUM(N4:N6) -> 1 | O7: =IF(N7="", SUM(J7:M7), SUM(J7:M7)) -> 81
B9: 초지능창의연구소 | C9: 모빌리티로봇연구본부 | F9: =COUNTIF(취합!$B:$B,결과!C9) -> 6 | G9: =IF(COUNTIFS(취합!$B:$B,결과!C9,취합!$AA:$AA,G$1)=0,"",COUNTIFS(취합!$B:$B,결과!C9,취합!$AA:$AA,G$1)) -> 6 | H9: =IF(COUNTIFS(취합!$B:$B,결과!C9, 취합!$AA:$AA,H$1)=0,"",COUNTIFS(취합!$B:$B,결과!C9, 취합!$AA:$AA,H$1)) | J9: =IF(COUNTIFS(취합!$B:$B,결과!$C9,취합!$H:$H,"계획중")=0,"",COUNTIFS(취합!$B:$B,결과!$C9,취합!$H:$H,"계획중")) | K9: =IF(COUNTIFS(취합!$B:$B,결과!$C9,취합!$H:$H,"제안중")=0,"",COUNTIFS(취합!$B:$B,결과!$C9,취합!$H:$H,"제안중")) | L9: =IF(COUNTIFS(취합!$B:$B,결과!$C9,취합!$H:$H,"개발중")=0,"",COUNTIFS(취합!$B:$B,결과!$C9,취합!$H:$H,"개발중")) -> 2 | M9: =IF(COUNTIFS(취합!$B:$B,결과!$C9,취합!$H:$H,"제정완료")=0,"",COUNTIFS(취합!$B:$B,결과!$C9,취합!$H:$H,"제정완료")) -> 4 | N9: =IF(COUNTIFS(취합!$B:$B,결과!$C9,취합!$H:$H,"개발중단")=0,"",COUNTIFS(취합!$B:$B,결과!$C9,취합!$H:$H,"개발중단")) | O9: =IF(N9="", SUM(J9:M9), SUM(J9:M9)) -> 6
B10: 초지능창의연구소 | C10: 지능정보연구본부 | F10: =COUNTIF(취합!$B:$B,결과!C10) -> 5 | G10: =IF(COUNTIFS(취합!$B:$B,결과!C10,취합!$AA:$AA,G$1)=0,"",COUNTIFS(취합!$B:$B,결과!C10,취합!$AA:$AA,G$1)) -> 2 | H10: =IF(COUNTIFS(취합!$B:$B,결과!C10, 취합!$AA:$AA,H$1)=0,"",COUNTIFS(취합!$B:$B,결과!C10, 취합!$AA:$AA,H$1)) -> 1 | J10: =IF(COUNTIFS(취합!$B:$B,결과!$C10,취합!$H:$H,"계획중")=0,"",COUNTIFS(취합!$B:$B,결과!$C10,취합!$H:$H,"계획중")) | K10: =IF(COUNTIFS(취합!$B:$B,결과!$C10,취합!$H:$H,"제안중")=0,"",COUNTIFS(취합!$B:$B,결과!$C10,취합!$H:$H,"제안중")) | L10: =IF(COUNTIFS(취합!$B:$B,결과!$C10,취합!$H:$H,"개발중")=0,"",COUNTIFS(취합!$B:$B,결과!$C10,취합!$H:$H,"개발중")) -> 1 | M10: =IF(COUNTIFS(취합!$B:$B,결과!$C10,취합!$H:$H,"제정완료")=0,"",COUNTIFS(취합!$B:$B,결과!$C10,취합!$H:$H,"제정완료")) -> 4 | N10: =IF(COUNTIFS(취합!$B:$B,결과!$C10,취합!$H:$H,"개발중단")=0,"",COUNTIFS(취합!$B:$B,결과!$C10,취합!$H:$H,"개발중단")) | O10: =IF(N10="", SUM(J10:M10), SUM(J10:M10)) -> 5
B11: 초지능창의연구소 | C11: 창의원천연구본부 | F11: =COUNTIF(취합!$B:$B,결과!C11) -> 4 | G11: =IF(COUNTIFS(취합!$B:$B,결과!C11,취합!$AA:$AA,G$1)=0,"",COUNTIFS(취합!$B:$B,결과!C11,취합!$AA:$AA,G$1)) -> 2 | H11: =IF(COUNTIFS(취합!$B:$B,결과!C11, 취합!$AA:$AA,H$1)=0,"",COUNTIFS(취합!$B:$B,결과!C11, 취합!$AA:$AA,H$1)) | J11: =IF(COUNTIFS(취합!$B:$B,결과!$C11,취합!$H:$H,"계획중")=0,"",COUNTIFS(취합!$B:$B,결과!$C11,취합!$H:$H,"계획중")) | K11: =IF(COUNTIFS(취합!$B:$B,결과!$C11,취합!$H:$H,"제안중")=0,"",COUNTIFS(취합!$B:$B,결과!$C11,취합!$H:$H,"제안중")) -> 2 | L11: =IF(COUNTIFS(취합!$B:$B,결과!$C11,취합!$H:$H,"개발중")=0,"",COUNTIFS(취합!$B:$B,결과!$C11,취합!$H:$H,"개발중")) -> 2 | M11: =IF(COUNTIFS(취합!$B:$B,결과!$C11,취합!$H:$H,"제정완료")=0,"",COUNTIFS(취합!$B:$B,결과!$C11,취합!$H:$H,"제정완료")) | N11: =IF(COUNTIFS(취합!$B:$B,결과!$C11,취합!$H:$H,"개발중단")=0,"",COUNTIFS(취합!$B:$B,결과!$C11,취합!$H:$H,"개발중단")) | O11: =IF(N11="", SUM(J11:M11), SUM(J11:M11)) -> 4
B12: 소계 | E12: 15 | F12: =SUM(F9:F11) -> 15 | G12: =SUM(G9:G11) -> 10 | H12: =SUM(H9:H11) -> 1 | J12: =SUM(J9:J11) -> 0 | K12: =SUM(K9:K11) -> 2 | L12: =SUM(L9:L11) -> 5 | M12: =SUM(M9:M11) -> 8 | N12: =SUM(N9:N11) -> 0 | O12: =IF(N12="", SUM(J12:M12), SUM(J12:M12)) -> 15
B14: 입체통신연구소 | C14: 네트워크연구본부 | F14: =COUNTIF(취합!$B:$B,결과!C14) -> 65 | G14: =IF(COUNTIFS(취합!$B:$B,결과!C14,취합!$AA:$AA,G$1)=0,"",COUNTIFS(취합!$B:$B,결과!C14,취합!$AA:$AA,G$1)) -> 4 | H14: =IF(COUNTIFS(취합!$B:$B,결과!C14, 취합!$AA:$AA,H$1)=0,"",COUNTIFS(취합!$B:$B,결과!C14, 취합!$AA:$AA,H$1)) -> 13 | J14: =IF(COUNTIFS(취합!$B:$B,결과!$C14,취합!$H:$H,"계획중")=0,"",COUNTIFS(취합!$B:$B,결과!$C14,취합!$H:$H,"계획중")) -> 1 | K14: =IF(COUNTIFS(취합!$B:$B,결과!$C14,취합!$H:$H,"제안중")=0,"",COUNTIFS(취합!$B:$B,결과!$C14,취합!$H:$H,"제안중")) -> 4 | L14: =IF(COUNTIFS(취합!$B:$B,결과!$C14,취합!$H:$H,"개발중")=0,"",COUNTIFS(취합!$B:$B,결과!$C14,취합!$H:$H,"개발중")) -> 18 | M14: =IF(COUNTIFS(취합!$B:$B,결과!$C14,취합!$H:$H,"제정완료")=0,"",COUNTIFS(취합!$B:$B,결과!$C14,취합!$H:$H,"제정완료")) -> 41 | N14: =IF(COUNTIFS(취합!$B:$B,결과!$C14,취합!$H:$H,"개발중단")=0,"",COUNTIFS(취합!$B:$B,결과!$C14,취합!$H:$H,"개발중단")) -> 1 | O14: =IF(N14="", SUM(J14:M14), SUM(J14:M14)) -> 64
B15: 입체통신연구소 | C15: 위성통신연구본부 | F15: =COUNTIF(취합!$B:$B,결과!C15) -> 35 | G15: =IF(COUNTIFS(취합!$B:$B,결과!C15,취합!$AA:$AA,G$1)=0,"",COUNTIFS(취합!$B:$B,결과!C15,취합!$AA:$AA,G$1)) | H15: =IF(COUNTIFS(취합!$B:$B,결과!C15, 취합!$AA:$AA,H$1)=0,"",COUNTIFS(취합!$B:$B,결과!C15, 취합!$AA:$AA,H$1)) -> 5 | J15: =IF(COUNTIFS(취합!$B:$B,결과!$C15,취합!$H:$H,"계획중")=0,"",COUNTIFS(취합!$B:$B,결과!$C15,취합!$H:$H,"계획중")) -> 2 | K15: =IF(COUNTIFS(취합!$B:$B,결과!$C15,취합!$H:$H,"제안중")=0,"",COUNTIFS(취합!$B:$B,결과!$C15,취합!$H:$H,"제안중")) -> 7 | L15: =IF(COUNTIFS(취합!$B:$B,결과!$C15,취합!$H:$H,"개발중")=0,"",COUNTIFS(취합!$B:$B,결과!$C15,취합!$H:$H,"개발중")) -> 14 | M15: =IF(COUNTIFS(취합!$B:$B,결과!$C15,취합!$H:$H,"제정완료")=0,"",COUNTIFS(취합!$B:$B,결과!$C15,취합!$H:$H,"제정완료")) -> 12 | N15: =IF(COUNTIFS(취합!$B:$B,결과!$C15,취합!$H:$H,"개발중단")=0,"",COUNTIFS(취합!$B:$B,결과!$C15,취합!$H:$H,"개발중단")) | O15: =IF(N15="", SUM(J15:M15), SUM(J15:M15)) -> 35
B16: 입체통신연구소 | C16: 이동통신연구본부 | F16: =COUNTIF(취합!$B:$B,결과!C16) -> 29 | G16: =IF(COUNTIFS(취합!$B:$B,결과!C16,취합!$AA:$AA,G$1)=0,"",COUNTIFS(취합!$B:$B,결과!C16,취합!$AA:$AA,G$1)) -> 7 | H16: =IF(COUNTIFS(취합!$B:$B,결과!C16, 취합!$AA:$AA,H$1)=0,"",COUNTIFS(취합!$B:$B,결과!C16, 취합!$AA:$AA,H$1)) -> 8 | J16: =IF(COUNTIFS(취합!$B:$B,결과!$C16,취합!$H:$H,"계획중")=0,"",COUNTIFS(취합!$B:$B,결과!$C16,취합!$H:$H,"계획중")) -> 7 | K16: =IF(COUNTIFS(취합!$B:$B,결과!$C16,취합!$H:$H,"제안중")=0,"",COUNTIFS(취합!$B:$B,결과!$C16,취합!$H:$H,"제안중")) -> 1 | L16: =IF(COUNTIFS(취합!$B:$B,결과!$C16,취합!$H:$H,"개발중")=0,"",COUNTIFS(취합!$B:$B,결과!$C16,취합!$H:$H,"개발중")) -> 20 | M16: =IF(COUNTIFS(취합!$B:$B,결과!$C16,취합!$H:$H,"제정완료")=0,"",COUNTIFS(취합!$B:$B,결과!$C16,취합!$H:$H,"제정완료")) -> 1 | N16: =IF(COUNTIFS(취합!$B:$B,결과!$C16,취합!$H:$H,"개발중단")=0,"",COUNTIFS(취합!$B:$B,결과!$C16,취합!$H:$H,"개발중단")) | O16: =IF(N16="", SUM(J16:M16), SUM(J16:M16)) -> 29
B17: 입체통신연구소 | C17: 전파연구본부 | F17: =COUNTIF(취합!$B:$B,결과!C17) -> 21 | G17: =IF(COUNTIFS(취합!$B:$B,결과!C17,취합!$AA:$AA,G$1)=0,"",COUNTIFS(취합!$B:$B,결과!C17,취합!$AA:$AA,G$1)) | H17: =IF(COUNTIFS(취합!$B:$B,결과!C17, 취합!$AA:$AA,H$1)=0,"",COUNTIFS(취합!$B:$B,결과!C17, 취합!$AA:$AA,H$1)) -> 3 | J17: =IF(COUNTIFS(취합!$B:$B,결과!$C17,취합!$H:$H,"계획중")=0,"",COUNTIFS(취합!$B:$B,결과!$C17,취합!$H:$H,"계획중")) | K17: =IF(COUNTIFS(취합!$B:$B,결과!$C17,취합!$H:$H,"제안중")=0,"",COUNTIFS(취합!$B:$B,결과!$C17,취합!$H:$H,"제안중")) | L17: =IF(COUNTIFS(취합!$B:$B,결과!$C17,취합!$H:$H,"개발중")=0,"",COUNTIFS(취합!$B:$B,결과!$C17,취합!$H:$H,"개발중")) -> 8 | M17: =IF(COUNTIFS(취합!$B:$B,결과!$C17,취합!$H:$H,"제정완료")=0,"",COUNTIFS(취합!$B:$B,결과!$C17,취합!$H:$H,"제정완료")) -> 13 | N17: =IF(COUNTIFS(취합!$B:$B,결과!$C17,취합!$H:$H,"개발중단")=0,"",COUNTIFS(취합!$B:$B,결과!$C17,취합!$H:$H,"개발중단")) | O17: =IF(N17="", SUM(J17:M17), SUM(J17:M17)) -> 21
B18: 소계 | E18: 134 | F18: =SUM(F14:F17) -> 150 | G18: =SUM(G14:G17) -> 11 | H18: =SUM(H14:H17) -> 29 | J18: =SUM(J14:J17) -> 10 | K18: =SUM(K14:K17) -> 12 | L18: =SUM(L14:L17) -> 60 | M18: =SUM(M14:M17) -> 67 | N18: =SUM(N14:N17) -> 1 | O18: =IF(N18="", SUM(J18:M18), SUM(J18:M18)) -> 149
B20: 초실감메타버스연구소 | C20: 미디어연구본부 | F20: =COUNTIF(취합!$B:$B,결과!C20) -> 35 | G20: =IF(COUNTIFS(취합!$B:$B,결과!C20,취합!$AA:$AA,G$1)=0,"",COUNTIFS(취합!$B:$B,결과!C20,취합!$AA:$AA,G$1)) -> 9 | H20: =IF(COUNTIFS(취합!$B:$B,결과!C20, 취합!$AA:$AA,H$1)=0,"",COUNTIFS(취합!$B:$B,결과!C20, 취합!$AA:$AA,H$1)) -> 2 | J20: =IF(COUNTIFS(취합!$B:$B,결과!$C20,취합!$H:$H,"계획중")=0,"",COUNTIFS(취합!$B:$B,결과!$C20,취합!$H:$H,"계획중")) -> 4 | K20: =IF(COUNTIFS(취합!$B:$B,결과!$C20,취합!$H:$H,"제안중")=0,"",COUNTIFS(취합!$B:$B,결과!$C20,취합!$H:$H,"제안중")) | L20: =IF(COUNTIFS(취합!$B:$B,결과!$C20,취합!$H:$H,"개발중")=0,"",COUNTIFS(취합!$B:$B,결과!$C20,취합!$H:$H,"개발중")) -> 19 | M20: =IF(COUNTIFS(취합!$B:$B,결과!$C20,취합!$H:$H,"제정완료")=0,"",COUNTIFS(취합!$B:$B,결과!$C20,취합!$H:$H,"제정완료")) -> 12 | N20: =IF(COUNTIFS(취합!$B:$B,결과!$C20,취합!$H:$H,"개발중단")=0,"",COUNTIFS(취합!$B:$B,결과!$C20,취합!$H:$H,"개발중단")) | O20: =IF(N20="", SUM(J20:M20), SUM(J20:M20)) -> 35
B21: 초실감메타버스연구소 | C21: 실감소자연구본부 | F21: =COUNTIF(취합!$B:$B,결과!C21) -> 12 | G21: =IF(COUNTIFS(취합!$B:$B,결과!C21,취합!$AA:$AA,G$1)=0,"",COUNTIFS(취합!$B:$B,결과!C21,취합!$AA:$AA,G$1)) -> 5 | H21: =IF(COUNTIFS(취합!$B:$B,결과!C21, 취합!$AA:$AA,H$1)=0,"",COUNTIFS(취합!$B:$B,결과!C21, 취합!$AA:$AA,H$1)) -> 4 | J21: =IF(COUNTIFS(취합!$B:$B,결과!$C21,취합!$H:$H,"계획중")=0,"",COUNTIFS(취합!$B:$B,결과!$C21,취합!$H:$H,"계획중")) | K21: =IF(COUNTIFS(취합!$B:$B,결과!$C21,취합!$H:$H,"제안중")=0,"",COUNTIFS(취합!$B:$B,결과!$C21,취합!$H:$H,"제안중")) -> 1 | L21: =IF(COUNTIFS(취합!$B:$B,결과!$C21,취합!$H:$H,"개발중")=0,"",COUNTIFS(취합!$B:$B,결과!$C21,취합!$H:$H,"개발중")) -> 3 | M21: =IF(COUNTIFS(취합!$B:$B,결과!$C21,취합!$H:$H,"제정완료")=0,"",COUNTIFS(취합!$B:$B,결과!$C21,취합!$H:$H,"제정완료")) -> 8 | N21: =IF(COUNTIFS(취합!$B:$B,결과!$C21,취합!$H:$H,"개발중단")=0,"",COUNTIFS(취합!$B:$B,결과!$C21,취합!$H:$H,"개발중단")) | O21: =IF(N21="", SUM(J21:M21), SUM(J21:M21)) -> 12
B22: 초실감메타버스연구소 | C22: 콘텐츠연구본부 | F22: =COUNTIF(취합!$B:$B,결과!C22) -> 12 | G22: =IF(COUNTIFS(취합!$B:$B,결과!C22,취합!$AA:$AA,G$1)=0,"",COUNTIFS(취합!$B:$B,결과!C22,취합!$AA:$AA,G$1)) -> 8 | H22: =IF(COUNTIFS(취합!$B:$B,결과!C22, 취합!$AA:$AA,H$1)=0,"",COUNTIFS(취합!$B:$B,결과!C22, 취합!$AA:$AA,H$1)) | J22: =IF(COUNTIFS(취합!$B:$B,결과!$C22,취합!$H:$H,"계획중")=0,"",COUNTIFS(취합!$B:$B,결과!$C22,취합!$H:$H,"계획중")) -> 3 | K22: =IF(COUNTIFS(취합!$B:$B,결과!$C22,취합!$H:$H,"제안중")=0,"",COUNTIFS(취합!$B:$B,결과!$C22,취합!$H:$H,"제안중")) | L22: =IF(COUNTIFS(취합!$B:$B,결과!$C22,취합!$H:$H,"개발중")=0,"",COUNTIFS(취합!$B:$B,결과!$C22,취합!$H:$H,"개발중")) -> 5 | M22: =IF(COUNTIFS(취합!$B:$B,결과!$C22,취합!$H:$H,"제정완료")=0,"",COUNTIFS(취합!$B:$B,결과!$C22,취합!$H:$H,"제정완료")) -> 4 | N22: =IF(COUNTIFS(취합!$B:$B,결과!$C22,취합!$H:$H,"개발중단")=0,"",COUNTIFS(취합!$B:$B,결과!$C22,취합!$H:$H,"개발중단")) | O22: =IF(N22="", SUM(J22:M22), SUM(J22:M22)) -> 12
B23: 소계 | E23: 57 | F23: =SUM(F20:F22) -> 59 | G23: =SUM(G20:G22) -> 22 | H23: =SUM(H20:H22) -> 6 | J23: =SUM(J20:J22) -> 7 | K23: =SUM(K20:K22) -> 1 | L23: =SUM(L20:L22) -> 27 | M23: =SUM(M20:M22) -> 24 | N23: =SUM(N20:N22) -> 0 | O23: =IF(N23="", SUM(J23:M23), SUM(J23:M23)) -> 59
B25: 디지털융합연구소 | C25: 산업에너지융합연구본부 | F25: =COUNTIF(취합!$B:$B,결과!C25) -> 20 | G25: =IF(COUNTIFS(취합!$B:$B,결과!C25,취합!$AA:$AA,G$1)=0,"",COUNTIFS(취합!$B:$B,결과!C25,취합!$AA:$AA,G$1)) | H25: =IF(COUNTIFS(취합!$B:$B,결과!C25, 취합!$AA:$AA,H$1)=0,"",COUNTIFS(취합!$B:$B,결과!C25, 취합!$AA:$AA,H$1)) -> 6 | J25: =IF(COUNTIFS(취합!$B:$B,결과!$C25,취합!$H:$H,"계획중")=0,"",COUNTIFS(취합!$B:$B,결과!$C25,취합!$H:$H,"계획중")) | K25: =IF(COUNTIFS(취합!$B:$B,결과!$C25,취합!$H:$H,"제안중")=0,"",COUNTIFS(취합!$B:$B,결과!$C25,취합!$H:$H,"제안중")) | L25: =IF(COUNTIFS(취합!$B:$B,결과!$C25,취합!$H:$H,"개발중")=0,"",COUNTIFS(취합!$B:$B,결과!$C25,취합!$H:$H,"개발중")) -> 2 | M25: =IF(COUNTIFS(취합!$B:$B,결과!$C25,취합!$H:$H,"제정완료")=0,"",COUNTIFS(취합!$B:$B,결과!$C25,취합!$H:$H,"제정완료")) -> 18 | N25: =IF(COUNTIFS(취합!$B:$B,결과!$C25,취합!$H:$H,"개발중단")=0,"",COUNTIFS(취합!$B:$B,결과!$C25,취합!$H:$H,"개발중단")) | O25: =IF(N25="", SUM(J25:M25), SUM(J25:M25)) -> 20
B26: 디지털융합연구소 | C26: 에어모빌리티연구본부 | F26: =COUNTIF(취합!$B:$B,결과!C26) -> 8 | G26: =IF(COUNTIFS(취합!$B:$B,결과!C26,취합!$AA:$AA,G$1)=0,"",COUNTIFS(취합!$B:$B,결과!C26,취합!$AA:$AA,G$1)) | H26: =IF(COUNTIFS(취합!$B:$B,결과!C26, 취합!$AA:$AA,H$1)=0,"",COUNTIFS(취합!$B:$B,결과!C26, 취합!$AA:$AA,H$1)) -> 1 | J26: =IF(COUNTIFS(취합!$B:$B,결과!$C26,취합!$H:$H,"계획중")=0,"",COUNTIFS(취합!$B:$B,결과!$C26,취합!$H:$H,"계획중")) | K26: =IF(COUNTIFS(취합!$B:$B,결과!$C26,취합!$H:$H,"제안중")=0,"",COUNTIFS(취합!$B:$B,결과!$C26,취합!$H:$H,"제안중")) | L26: =IF(COUNTIFS(취합!$B:$B,결과!$C26,취합!$H:$H,"개발중")=0,"",COUNTIFS(취합!$B:$B,결과!$C26,취합!$H:$H,"개발중")) -> 2 | M26: =IF(COUNTIFS(취합!$B:$B,결과!$C26,취합!$H:$H,"제정완료")=0,"",COUNTIFS(취합!$B:$B,결과!$C26,취합!$H:$H,"제정완료")) -> 6 | N26: =IF(COUNTIFS(취합!$B:$B,결과!$C26,취합!$H:$H,"개발중단")=0,"",COUNTIFS(취합!$B:$B,결과!$C26,취합!$H:$H,"개발중단")) | O26: =IF(N26="", SUM(J26:M26), SUM(J26:M26)) -> 8
B27: 소계 | E27: 25 | F27: =SUM(F25:F26) -> 28 | G27: =SUM(G25:G26) -> 0 | H27: =SUM(H25:H26) -> 7 | J27: =SUM(J25:J26) -> 0 | K27: =SUM(K25:K26) -> 0 | L27: =SUM(L25:L26) -> 4 | M27: =SUM(M25:M26) -> 24 | N27: =SUM(N25:N26) -> 0 | O27: =IF(N27="", SUM(J27:M27), SUM(J27:M27)) -> 28
B29: ICT전략연구소 | C29: 표준연구본부 | F29: =COUNTIF(취합!$B:$B,결과!C29) -> 313 | G29: =IF(COUNTIFS(취합!$B:$B,결과!C29,취합!$AA:$AA,G$1)=0,"",COUNTIFS(취합!$B:$B,결과!C29,취합!$AA:$AA,G$1)) -> 12 | H29: =IF(COUNTIFS(취합!$B:$B,결과!C29, 취합!$AA:$AA,H$1)=0,"",COUNTIFS(취합!$B:$B,결과!C29, 취합!$AA:$AA,H$1)) -> 37 | J29: =IF(COUNTIFS(취합!$B:$B,결과!$C29,취합!$H:$H,"계획중")=0,"",COUNTIFS(취합!$B:$B,결과!$C29,취합!$H:$H,"계획중")) -> 7 | K29: =IF(COUNTIFS(취합!$B:$B,결과!$C29,취합!$H:$H,"제안중")=0,"",COUNTIFS(취합!$B:$B,결과!$C29,취합!$H:$H,"제안중")) -> 9 | L29: =IF(COUNTIFS(취합!$B:$B,결과!$C29,취합!$H:$H,"개발중")=0,"",COUNTIFS(취합!$B:$B,결과!$C29,취합!$H:$H,"개발중")) -> 72 | M29: =IF(COUNTIFS(취합!$B:$B,결과!$C29,취합!$H:$H,"제정완료")=0,"",COUNTIFS(취합!$B:$B,결과!$C29,취합!$H:$H,"제정완료")) -> 223 | N29: =IF(COUNTIFS(취합!$B:$B,결과!$C29,취합!$H:$H,"개발중단")=0,"",COUNTIFS(취합!$B:$B,결과!$C29,취합!$H:$H,"개발중단")) -> 2 | O29: =IF(N29="", SUM(J29:M29), SUM(J29:M29)) -> 311
B30: 소계 | E30: 287 | F30: =SUM(F29) -> 313 | G30: =SUM(G29) -> 12 | H30: =SUM(H29) -> 37 | J30: =SUM(J29) -> 7 | K30: =SUM(K29) -> 9 | L30: =SUM(L29) -> 72 | M30: =SUM(M29) -> 223 | N30: =SUM(N29) -> 2 | O30: =IF(N30="", SUM(J30:M30), SUM(J30:M30)) -> 311
B32: AI안전연구소 | C32: AI안전평가실 | F32: =COUNTIF(취합!$B:$B,결과!C32) -> 3 | G32: =IF(COUNTIFS(취합!$B:$B,결과!C32,취합!$AA:$AA,G$1)=0,"",COUNTIFS(취합!$B:$B,결과!C32,취합!$AA:$AA,G$1)) -> 2 | H32: =IF(COUNTIFS(취합!$B:$B,결과!C32, 취합!$AA:$AA,H$1)=0,"",COUNTIFS(취합!$B:$B,결과!C32, 취합!$AA:$AA,H$1)) | J32: =IF(COUNTIFS(취합!$B:$B,결과!$C32,취합!$H:$H,"계획중")=0,"",COUNTIFS(취합!$B:$B,결과!$C32,취합!$H:$H,"계획중")) | K32: =IF(COUNTIFS(취합!$B:$B,결과!$C32,취합!$H:$H,"제안중")=0,"",COUNTIFS(취합!$B:$B,결과!$C32,취합!$H:$H,"제안중")) | L32: =IF(COUNTIFS(취합!$B:$B,결과!$C32,취합!$H:$H,"개발중")=0,"",COUNTIFS(취합!$B:$B,결과!$C32,취합!$H:$H,"개발중")) -> 3 | M32: =IF(COUNTIFS(취합!$B:$B,결과!$C32,취합!$H:$H,"제정완료")=0,"",COUNTIFS(취합!$B:$B,결과!$C32,취합!$H:$H,"제정완료")) | N32: =IF(COUNTIFS(취합!$B:$B,결과!$C32,취합!$H:$H,"개발중단")=0,"",COUNTIFS(취합!$B:$B,결과!$C32,취합!$H:$H,"개발중단")) | O32: =IF(N32="", SUM(J32:M32), SUM(J32:M32)) -> 3
B33: 소계 | F33: =SUM(F32) -> 3 | G33: =SUM(G32) -> 2 | H33: =SUM(H32) -> 0 | J33: =SUM(J32) -> 0 | K33: =SUM(K32) -> 0 | L33: =SUM(L32) -> 3 | M33: =SUM(M32) -> 0 | N33: =SUM(N32) -> 0 | O33: =IF(N33="", SUM(J33:M33), SUM(J33:M33)) -> 3
B35: 총계 | E35: =SUM(E12,E23,E18,E7,E27,E30,E33) -> 593 | F35: =SUM(F12,F23,F18,F7,F27,F30,F33) -> 650 | G35: =SUM(G12,G23,G18,G7,G27,G30,G33) -> 57 | H35: =SUM(H12,H23,H18,H7,H27,H30,H33) -> 84 | J35: =SUM(J12,J23,J18,J7,J27,J30,J33) -> 30 | K35: =SUM(K12,K23,K18,K7,K27,K30,K33) -> 24 | L35: =SUM(L12,L23,L18,L7,L27,L30,L33) -> 193 | M35: =SUM(M12,M23,M18,M7,M27,M30,M33) -> 399 | N35: =SUM(N12,N23,N18,N7,N27,N30,N33) -> 4 | O35: =SUM(O12,O23,O18,O7,O27,O30,O33) -> 646

Sheet 개수
C2: 개수
B3: 인공지능컴퓨팅연구소 | C3: =COUNTIF(취합!A:A, B3) -> 82
B4: 초지능창의연구소 | C4: =COUNTIF(취합!A:A, B4) -> 15
B5: 입체통신연구소 | C5: =COUNTIF(취합!A:A, B5) -> 150
B6: 초실감메타버스연구소 | C6: =COUNTIF(취합!A:A, B6) -> 59
B7: 디지털융합연구소 | C7: =COUNTIF(취합!A:A, B7) -> 28
B8: ICT전략연구소 | C8: =COUNTIF(취합!A:A, B8) -> 313
C9: =SUM(C3:C8) -> 647

Sheet (참고) ETRI 12대 전략기술 및 42개 세부기술
B2: 12대 전략기술 | E2: 42개 세부중점기술 | K2: 기술분류표
A3: 1 | B3: 1) 반도체·디스플레이 | D3: 1 | E3: 고성능·저전력 AI 반도체 | BG3: 기본사업
A4: 2 | B4: 2) 이차전지 | D4: 2 | E4: 반도체 첨단 패키징 | BG4: ETRI 출연금사업
A5: 3 | B5: 3) 첨단모빌리티 | D5: 3 | E5: 고집적·저항기반 메모리 | BG5: 일반 PBS 과제
A6: 4 | B6: 4) 첨단바이오 | D6: 4 | E6: 차세대 고성능 센서 | BG6: 표준개발과제(과기부 정보통신방송표준개발지원사업)
A7: 5 | B7: 5) 사이버보안 | D7: 5 | E7: 전력반도체 | BG7: 표준개발과제(국표원 표준기술력향상사업)
A8: 6 | B8: 6) 인공지능 | D8: 6 | E8: 무기발광 디스플레이 | BG8: 기타
A9: 7 | B9: 7) 차세대통신 | D9: 7 | E9: 반도체·디스플레이 소재·부품·장비
A10: 8 | B10: 8) 첨단로봇제조 | D10: 8 | E10: 프리폼 디스플레이 | BG10: 계획중
A11: 9 | B11: 9) 양자 | E11: 기타 | W11: 2015 | X11: 2020 | BG11: 제안중
A12: 10 | B12: 10) 메타버스 | D12: 9 | E12: 차세대 이차전지 소재·셀 | W12: 2016 | X12: 2021 | BG12: 개발중
A13: 11 | B13: 11) 초성능컴퓨팅 | D13: 10 | E13: 이차전지 모듈·시스템 | W13: 2017 | X13: 2022 | BG13: 제정완료
A14: 12 | B14: 12) ICT융합 | E14: 기타 | W14: 2018 | X14: 2023
D15: 11 | E15: 자율주행시스템 | W15: 2019 | X15: 2024
D16: 12 | E16: 도심항공교통(UAM) | W16: 2020 | X16: 2025
E17: 기타 | W17: 2021 | X17: 2026
D18: 13 | E18: 디지털헬스 데이터 분석·활용 | W18: 2022 | X18: 2027
E19: 기타 | W19: 2023 | X19: 2028
D20: 14 | E20: 네트워크 클라우드 보안 | W20: 2024 | X20: 2029
D21: 15 | E21: 데이터 및 AI보안 | W21: 2025 | X21: 2030
D22: 16 | E22: 디지털 취약점 분석대응 | W22: 2026 | X22: 2031
D23: 17 | E23: 신산업·가상융합 보안 | W23: 2027 | X23: 2032
E24: 기타 | W24: 2028 | X24: 2033
D25: 18 | E25: 효율적학습/AI인프라고도화 | W25: 2029 | X25: 2034
D26: 19 | E26: 첨단 AI모델링·의사결정 | X26: 2035
D27: 20 | E27: 산업 활용·혁신 AI
D28: 21 | E28: 안전·신뢰 AI
D29: 22 | E29: 휴먼증강
E30: 기타
D31: 23 | E31: 5G 고도화
D32: 24 | E32: 5G·6G 고효율 통신부품
D33: 25 | E33: 5G·6G 위성통신
D34: 26 | E34: 6G
D35: 27 | E35: 오픈랜
E36: 기타
D37: 28 | E37: 고난도 자율조작
D38: 29 | E38: 로봇 자율이동
D39: 30 | E39: 인간·로봇 상호작용
D40: 31 | E40: 가상제조
E41: 기타
D42: 32 | E42: 양자센싱
D43: 33 | E43: 양자컴퓨팅
D44: 34 | E44: 양자통신
E45: 기타
D46: 35 | E46: 초실감 입체 미디어 기술
D47: 36 | E47: 초실감 상호작용 기술
E48: 기타
D49: 37 | E49: 슈퍼컴퓨팅
D50: 38 | E50: AI컴퓨팅 시스템
E51: 기타
D52: 39 | E52: 국방ICT융합
D53: 40 | E53: 안전ICT융합
D54: 41 | E54: 에너지ICT융합
D55: 42 | E55: 산업ICT융합
D56: 기타 | E56: 기타
